screen_id,name,workflow,route,web_status,ios_status,backend_status,source_files,verification,remaining
AUTH-01,Welcome & sign in,AUTH,/sign-in,pending-v4,pending-v4,audit-pending,,,"Full written screen, interaction and state acceptance; browser and native verification"
AUTH-02,Check your email,AUTH,/sign-in/verify,pending-v4,pending-v4,audit-pending,,,"Full written screen, interaction and state acceptance; browser and native verification"
ONB-01,Set up your studio,AUTH,/onboarding,pending-v4,pending-v4,audit-pending,,,"Full written screen, interaction and state acceptance; browser and native verification"
HOME-01,Home,A,/home,pending-v4,pending-v4,audit-pending,,,"Full written screen, interaction and state acceptance; browser and native verification"
DISC-01,Discover,A,/discover,partial,pending-v4,partial,api/src/devai/routes/studio.py;api/src/devai/services/research_runs.py;web/src/features/research/ResearchDiscovery.tsx,PostgreSQL tests pass for snapshots/cancellation; web build passes,"Full written screen, interaction and state acceptance; browser and native verification"
QUEUE-01,Editorial queue,B,/discover/queue,pending-v4,pending-v4,audit-pending,,,"Full written screen, interaction and state acceptance; browser and native verification"
TOPIC-01,Topic overview,C,/topics/:topicId,pending-v4,pending-v4,audit-pending,,,"Full written screen, interaction and state acceptance; browser and native verification"
SOURCE-01,Evidence & sources,C,/topics/:topicId/sources,pending-v4,pending-v4,audit-pending,,,"Full written screen, interaction and state acceptance; browser and native verification"
CLAIM-01,Claims & grounding,C,/content/:contentId/claims,pending-v4,pending-v4,audit-pending,,,"Full written screen, interaction and state acceptance; browser and native verification"
IMPORT-01,Add a topic,A,/topics/new,pending-v4,pending-v4,audit-pending,,,"Full written screen, interaction and state acceptance; browser and native verification"
CREATE-01,Choose format,D,/create?topic=:topicId,implemented-partial,implemented-native-verification-in-progress,implemented-partial,web/src/features/content/; mobile/src/features/ContentStudio.tsx; api/src/devai/routes/studio_content.py; api/src/devai/services/studio_generation.py,142 PostgreSQL/backend/media tests; two connected browser journeys; real H.264/AAC/libass render/full decode; iOS bundle export; docs/CONTENT_OUTPUTS.md,Full written contract/route fidelity; creative policy; music/subtitle timing; native/accessibility/live-provider acceptance; comprehensive recovery/approval verification
CREATE-02,Creative direction,D,/create/:setupId/configure,implemented-partial,implemented-native-verification-in-progress,implemented-partial,web/src/features/content/; mobile/src/features/ContentStudio.tsx; api/src/devai/routes/studio_content.py; api/src/devai/services/studio_generation.py,142 PostgreSQL/backend/media tests; two connected browser journeys; real H.264/AAC/libass render/full decode; iOS bundle export; docs/CONTENT_OUTPUTS.md,Full written contract/route fidelity; creative policy; music/subtitle timing; native/accessibility/live-provider acceptance; comprehensive recovery/approval verification
CREATE-03,Review generation,D,/create/:setupId/review,implemented-partial,implemented-native-verification-in-progress,implemented-partial,web/src/features/content/; mobile/src/features/ContentStudio.tsx; api/src/devai/routes/studio_content.py; api/src/devai/services/studio_generation.py,142 PostgreSQL/backend/media tests; two connected browser journeys; real H.264/AAC/libass render/full decode; iOS bundle export; docs/CONTENT_OUTPUTS.md,Full written contract/route fidelity; creative policy; music/subtitle timing; native/accessibility/live-provider acceptance; comprehensive recovery/approval verification
GEN-01,Generation progress,E,/content/:contentId/generation,pending-v4,pending-v4,audit-pending,,,"Full written screen, interaction and state acceptance; browser and native verification"
CAR-01,Carousel editor,F,/content/:contentId/carousel,pending-v4,pending-v4,audit-pending,,,"Full written screen, interaction and state acceptance; browser and native verification"
CAR-02,Edit a slide,F,/content/:contentId/carousel/slides/:slideId,pending-v4,pending-v4,audit-pending,,,"Full written screen, interaction and state acceptance; browser and native verification"
CAR-03,Regenerate artwork,F,/content/:contentId/carousel/regenerate/:slideId,pending-v4,pending-v4,audit-pending,,,"Full written screen, interaction and state acceptance; browser and native verification"
VER-01,Version history,O,/content/:contentId/versions,pending-v4,pending-v4,audit-pending,,,"Full written screen, interaction and state acceptance; browser and native verification"
REEL-01,Reel editor,H,/content/:contentId/reel,implemented-partial,implemented-native-verification-in-progress,implemented-partial,web/src/features/content/; mobile/src/features/ContentStudio.tsx; api/src/devai/routes/studio_content.py; api/src/devai/services/studio_generation.py,142 PostgreSQL/backend/media tests; two connected browser journeys; real H.264/AAC/libass render/full decode; iOS bundle export; docs/CONTENT_OUTPUTS.md,Full written contract/route fidelity; creative policy; music/subtitle timing; native/accessibility/live-provider acceptance; comprehensive recovery/approval verification
REEL-02,Script,H,/content/:contentId/reel/script,implemented-partial,implemented-native-verification-in-progress,implemented-partial,web/src/features/content/; mobile/src/features/ContentStudio.tsx; api/src/devai/routes/studio_content.py; api/src/devai/services/studio_generation.py,142 PostgreSQL/backend/media tests; two connected browser journeys; real H.264/AAC/libass render/full decode; iOS bundle export; docs/CONTENT_OUTPUTS.md,Full written contract/route fidelity; creative policy; music/subtitle timing; native/accessibility/live-provider acceptance; comprehensive recovery/approval verification
REEL-03,Scenes,H,/content/:contentId/reel/scenes,implemented-partial,implemented-native-verification-in-progress,implemented-partial,web/src/features/content/; mobile/src/features/ContentStudio.tsx; api/src/devai/routes/studio_content.py; api/src/devai/services/studio_generation.py,142 PostgreSQL/backend/media tests; two connected browser journeys; real H.264/AAC/libass render/full decode; iOS bundle export; docs/CONTENT_OUTPUTS.md,Full written contract/route fidelity; creative policy; music/subtitle timing; native/accessibility/live-provider acceptance; comprehensive recovery/approval verification
REEL-04,Edit scene,H,/content/:contentId/reel/scenes/:sceneId,implemented-partial,implemented-native-verification-in-progress,implemented-partial,web/src/features/content/; mobile/src/features/ContentStudio.tsx; api/src/devai/routes/studio_content.py; api/src/devai/services/studio_generation.py,142 PostgreSQL/backend/media tests; two connected browser journeys; real H.264/AAC/libass render/full decode; iOS bundle export; docs/CONTENT_OUTPUTS.md,Full written contract/route fidelity; creative policy; music/subtitle timing; native/accessibility/live-provider acceptance; comprehensive recovery/approval verification
REEL-05,Voiceover & music,H,/content/:contentId/reel/audio,implemented-partial,implemented-native-verification-in-progress,implemented-partial,api/src/devai/routes/studio_audio.py; services/studio_audio.py; routes/studio_content.py; web/src/features/content/; mobile/src/features/AudioUpload.tsx; ContentStudio.tsx,148 backend/PostgreSQL/media tests; seven connected journeys; real music-to-MP4 decode; native audio/cue navigation and iOS export; docs/CONTENT_OUTPUTS.md,"Full written-contract fidelity, cached narration sample, native document-provider selection, complete styling/accessibility/interruptions/recovery/live-provider acceptance"
REEL-06,Subtitles,H,/content/:contentId/reel/subtitles,implemented-partial,implemented-native-verification-in-progress,implemented-partial,api/src/devai/routes/studio_audio.py; services/studio_audio.py; routes/studio_content.py; web/src/features/content/; mobile/src/features/AudioUpload.tsx; ContentStudio.tsx,148 backend/PostgreSQL/media tests; seven connected journeys; real music-to-MP4 decode; native audio/cue navigation and iOS export; docs/CONTENT_OUTPUTS.md,"Full written-contract fidelity, cached narration sample, native document-provider selection, complete styling/accessibility/interruptions/recovery/live-provider acceptance"
CAP-01,Caption & hashtags,F,/content/:contentId/caption/:format,pending-v4,pending-v4,audit-pending,,,"Full written screen, interaction and state acceptance; browser and native verification"
PRE-01,Carousel preview,I,/content/:contentId/preview/carousel,pending-v4,pending-v4,audit-pending,,,"Full written screen, interaction and state acceptance; browser and native verification"
PRE-02,Reel preview,I,/content/:contentId/preview/reel,pending-v4,pending-v4,audit-pending,,,"Full written screen, interaction and state acceptance; browser and native verification"
REVIEW-01,Review queue,I,/review,pending-v4,pending-v4,audit-pending,,,"Full written screen, interaction and state acceptance; browser and native verification"
REVIEW-02,Review content,I,/review/:contentId/:format,implemented-partial,implemented-native-verification-in-progress,implemented-partial,web/src/features/content/; mobile/src/features/ContentStudio.tsx; api/src/devai/routes/studio_content.py; api/src/devai/services/studio_generation.py,142 PostgreSQL/backend/media tests; two connected browser journeys; real H.264/AAC/libass render/full decode; iOS bundle export; docs/CONTENT_OUTPUTS.md,Full written contract/route fidelity; creative policy; music/subtitle timing; native/accessibility/live-provider acceptance; comprehensive recovery/approval verification
REVIEW-03,Request changes,I,/review/:contentId/:format/changes,implemented-partial,implemented-native-verification-in-progress,implemented-partial,web/src/features/content/; mobile/src/features/ContentStudio.tsx; api/src/devai/routes/studio_content.py; api/src/devai/services/studio_generation.py,142 PostgreSQL/backend/media tests; two connected browser journeys; real H.264/AAC/libass render/full decode; iOS bundle export; docs/CONTENT_OUTPUTS.md,Full written contract/route fidelity; creative policy; music/subtitle timing; native/accessibility/live-provider acceptance; comprehensive recovery/approval verification
PUB-01,Publish or schedule,J,/content/:contentId/publish/:format,pending-v4,pending-v4,audit-pending,,,"Full written screen, interaction and state acceptance; browser and native verification"
PUB-02,Publishing status,J,/publications/:publicationId,pending-v4,pending-v4,audit-pending,,,"Full written screen, interaction and state acceptance; browser and native verification"
PUB-03,Reconcile outcome,J,/publications/:publicationId/reconcile,pending-v4,pending-v4,audit-pending,,,"Full written screen, interaction and state acceptance; browser and native verification"
CAL-01,Publishing calendar,J,/calendar,pending-v4,pending-v4,audit-pending,,,"Full written screen, interaction and state acceptance; browser and native verification"
LIB-01,Content library,K,/content,pending-v4,pending-v4,audit-pending,,,"Full written screen, interaction and state acceptance; browser and native verification"
LIB-02,Content details,K,/content/:contentId,pending-v4,pending-v4,audit-pending,,,"Full written screen, interaction and state acceptance; browser and native verification"
TRASH-01,Recently deleted,K,/content/trash,pending-v4,pending-v4,audit-pending,,,"Full written screen, interaction and state acceptance; browser and native verification"
ACT-01,Activity,L,/activity,pending-v4,pending-v4,audit-pending,,,"Full written screen, interaction and state acceptance; browser and native verification"
ACT-02,Job details,L,/activity/jobs/:jobId,partial,pending-v4,partial,api/src/devai/routes/studio.py;api/src/devai/services/research_runs.py;web/src/features/research/ResearchDiscovery.tsx,PostgreSQL tests pass for snapshots/cancellation; web build passes,"Full written screen, interaction and state acceptance; browser and native verification"
NOT-01,Notifications,L,/notifications,pending-v4,pending-v4,audit-pending,,,"Full written screen, interaction and state acceptance; browser and native verification"
ANA-01,Analytics,M,/analytics,pending-v4,pending-v4,audit-pending,,,"Full written screen, interaction and state acceptance; browser and native verification"
ANA-02,Post analytics,M,/analytics/posts/:publicationId,pending-v4,pending-v4,audit-pending,,,"Full written screen, interaction and state acceptance; browser and native verification"
ANA-03,Compare content,M,/analytics/compare,pending-v4,pending-v4,audit-pending,,,"Full written screen, interaction and state acceptance; browser and native verification"
SET-01,Settings,N,/settings,pending-v4,pending-v4,audit-pending,,,"Full written screen, interaction and state acceptance; browser and native verification"
SET-02,Profile & preferences,N,/settings/profile,pending-v4,pending-v4,audit-pending,,,"Full written screen, interaction and state acceptance; browser and native verification"
SET-03,Research schedule,B,/settings/research,implemented-partial-verified,implemented-partial-verified,implemented-partial-verified,web/src/features/ResearchSettings.tsx;mobile/src/features/ResearchSettings.tsx;api/src/devai/routes/studio_settings.py;api/src/devai/services/research_schedule.py;api/src/devai/scheduler.py,PostgreSQL schedule/concurrency/DST/category tests; connected browser save/reload/conflict/axe; native Maestro save/time-sheet/timezone/Stay/Discard; iOS export,Automatic drafting; full state/permission/offline/native-accessibility acceptance
SET-04,AI providers,N,/settings/providers,pending-v4,pending-v4,audit-pending,,,"Full written screen, interaction and state acceptance; browser and native verification"
SET-05,Provider connection,N,/settings/providers/:providerId,pending-v4,pending-v4,audit-pending,,,"Full written screen, interaction and state acceptance; browser and native verification"
SET-06,Instagram accounts,N,/settings/instagram,pending-v4,pending-v4,audit-pending,,,"Full written screen, interaction and state acceptance; browser and native verification"
SET-07,Instagram connection,N,/settings/instagram/:accountId,pending-v4,pending-v4,audit-pending,,,"Full written screen, interaction and state acceptance; browser and native verification"
SET-08,Notification preferences,N,/settings/notifications,pending-v4,pending-v4,audit-pending,,,"Full written screen, interaction and state acceptance; browser and native verification"
SET-09,Security & sessions,N,/settings/security,pending-v4,pending-v4,audit-pending,,,"Full written screen, interaction and state acceptance; browser and native verification"
SET-10,Workspace,N,/settings/workspace,pending-v4,pending-v4,audit-pending,,,"Full written screen, interaction and state acceptance; browser and native verification"
SET-11,Data & privacy,N,/settings/data,pending-v4,pending-v4,audit-pending,,,"Full written screen, interaction and state acceptance; browser and native verification"
HELP-01,Help & support,N,/help,pending-v4,pending-v4,audit-pending,,,"Full written screen, interaction and state acceptance; browser and native verification"
SYS-01,Access or session recovery,O,/session-recovery,pending-v4,pending-v4,audit-pending,,,"Full written screen, interaction and state acceptance; browser and native verification"
SYS-02,Not found,O,/not-found,pending-v4,pending-v4,audit-pending,,,"Full written screen, interaction and state acceptance; browser and native verification"
GEN-02,Reel generation progress,G,/content/:contentId/reel/generation,pending-v4,pending-v4,audit-pending,,,"Full written screen, interaction and state acceptance; browser and native verification"
DISC-02,Research history and coverage,B,/discover/research,partial,pending-v4,partial,api/src/devai/routes/studio.py;api/src/devai/services/research_runs.py;web/src/features/research/ResearchDiscovery.tsx,PostgreSQL tests pass for snapshots/cancellation; web build passes,"Full written screen, interaction and state acceptance; browser and native verification"
