requirement_id,screen,control,api_contract,status,implementation,test_evidence,known_limit
AUTH-01-I01,AUTH-01,email,None on input; owning form Save contract,pending-control-verification,,,Existing controls do not establish revision4 acceptance; audit against written contract.
AUTH-01-I02,AUTH-01,send-code,POST /v1/auth/email/challenges,pending-control-verification,,,Existing controls do not establish revision4 acceptance; audit against written contract.
AUTH-01-I03,AUTH-01,apple-signin,POST /v1/auth/apple,pending-control-verification,,,Existing controls do not establish revision4 acceptance; audit against written contract.
AUTH-01-I04,AUTH-01,help,None: local UI/navigation; destination resource read only,pending-control-verification,,,Existing controls do not establish revision4 acceptance; audit against written contract.
AUTH-02-I01,AUTH-02,code,None on input; owning form Save contract,pending-control-verification,,,Existing controls do not establish revision4 acceptance; audit against written contract.
AUTH-02-I02,AUTH-02,verify-code,POST /v1/auth/email/verify,pending-control-verification,,,Existing controls do not establish revision4 acceptance; audit against written contract.
AUTH-02-I03,AUTH-02,resend,POST /v1/auth/email/challenges,pending-control-verification,,,Existing controls do not establish revision4 acceptance; audit against written contract.
AUTH-02-I04,AUTH-02,change-email,None: local UI/navigation; destination resource read only,pending-control-verification,,,Existing controls do not establish revision4 acceptance; audit against written contract.
ONB-01-I01,ONB-01,workspace-name,None on input; owning form Save contract,pending-control-verification,,,Existing controls do not establish revision4 acceptance; audit against written contract.
ONB-01-I02,ONB-01,timezone,None on input; owning form Save contract,pending-control-verification,,,Existing controls do not establish revision4 acceptance; audit against written contract.
ONB-01-I03,ONB-01,language,None on input; owning form Save contract,pending-control-verification,,,Existing controls do not establish revision4 acceptance; audit against written contract.
ONB-01-I04,ONB-01,research-toggle,None on input; owning form Save contract,pending-control-verification,,,Existing controls do not establish revision4 acceptance; audit against written contract.
ONB-01-I05,ONB-01,finish-onboarding,POST /v1/workspaces,pending-control-verification,,,Existing controls do not establish revision4 acceptance; audit against written contract.
HOME-01-I01,HOME-01,review-count,None: local UI/navigation; destination resource read only,pending-control-verification,,,Existing controls do not establish revision4 acceptance; audit against written contract.
HOME-01-I02,HOME-01,active-job,None: local UI/navigation; destination resource read only,pending-control-verification,,,Existing controls do not establish revision4 acceptance; audit against written contract.
HOME-01-I03,HOME-01,continue-edit,None: local UI/navigation; destination resource read only,pending-control-verification,,,Existing controls do not establish revision4 acceptance; audit against written contract.
HOME-01-I04,HOME-01,discover,None: local UI/navigation; destination resource read only,pending-control-verification,,,Existing controls do not establish revision4 acceptance; audit against written contract.
HOME-01-I05,HOME-01,run-research,POST /v1/research/runs,pending-control-verification,,,Existing controls do not establish revision4 acceptance; audit against written contract.
HOME-01-I06,HOME-01,add-topic,None: local UI/navigation; destination resource read only,pending-control-verification,,,Existing controls do not establish revision4 acceptance; audit against written contract.
DISC-01-I01,DISC-01,search-topics,GET /v1/research/runs/{runId}/findings?q=&category=&evidence=&priorityMin=&sort=&cursor=,pending-control-verification,,,Existing controls do not establish revision4 acceptance; audit against written contract.
DISC-01-I02,DISC-01,saved-tab,GET /v1/research/runs/{runId}/findings?q=&category=&evidence=&priorityMin=&sort=&cursor=,pending-control-verification,,,Existing controls do not establish revision4 acceptance; audit against written contract.
DISC-01-I03,DISC-01,filters,GET /v1/research/runs/{runId}/findings?q=&category=&evidence=&priorityMin=&sort=&cursor=,pending-control-verification,,,Existing controls do not establish revision4 acceptance; audit against written contract.
DISC-01-I04,DISC-01,topic-open,None: local UI/navigation; destination resource read only,pending-control-verification,,,Existing controls do not establish revision4 acceptance; audit against written contract.
DISC-01-I05,DISC-01,save-topic,PUT /v1/topics/{topicId}/saved,pending-control-verification,,,Existing controls do not establish revision4 acceptance; audit against written contract.
DISC-01-I06,DISC-01,load-more,GET /v1/research/runs/{runId}/findings?q=&category=&evidence=&priorityMin=&sort=&cursor=,pending-control-verification,,,Existing controls do not establish revision4 acceptance; audit against written contract.
DISC-01-I07,DISC-01,refresh,POST /v1/research/runs,pending-control-verification,,,Existing controls do not establish revision4 acceptance; audit against written contract.
QUEUE-01-I01,QUEUE-01,select-topic,POST /topics/{topicId}/select,pending-control-verification,,,Existing controls do not establish revision4 acceptance; audit against written contract.
QUEUE-01-I02,QUEUE-01,priority,PATCH /topics/{topicId},pending-control-verification,,,Existing controls do not establish revision4 acceptance; audit against written contract.
QUEUE-01-I03,QUEUE-01,category,PATCH /topics/{topicId},pending-control-verification,,,Existing controls do not establish revision4 acceptance; audit against written contract.
QUEUE-01-I04,QUEUE-01,archive-topic,PATCH /topics/{topicId},pending-control-verification,,,Existing controls do not establish revision4 acceptance; audit against written contract.
QUEUE-01-I05,QUEUE-01,restore-topic,PATCH /topics/{topicId},pending-control-verification,,,Existing controls do not establish revision4 acceptance; audit against written contract.
QUEUE-01-I06,QUEUE-01,topic-open,None: local UI/navigation; destination resource read only,pending-control-verification,,,Existing controls do not establish revision4 acceptance; audit against written contract.
TOPIC-01-I01,TOPIC-01,topic-tabs,None: local UI/navigation; destination resource read only,pending-control-verification,,,Existing controls do not establish revision4 acceptance; audit against written contract.
TOPIC-01-I02,TOPIC-01,save-topic,PUT /v1/topics/{topicId}/saved,pending-control-verification,,,Existing controls do not establish revision4 acceptance; audit against written contract.
TOPIC-01-I03,TOPIC-01,open-source,None: local UI/navigation; destination resource read only,pending-control-verification,,,Existing controls do not establish revision4 acceptance; audit against written contract.
TOPIC-01-I04,TOPIC-01,edit-angle,PATCH /v1/topics/{topicId}/angle,pending-control-verification,,,Existing controls do not establish revision4 acceptance; audit against written contract.
TOPIC-01-I05,TOPIC-01,create,None: local UI/navigation; destination resource read only,pending-control-verification,,,Existing controls do not establish revision4 acceptance; audit against written contract.
TOPIC-01-I06,TOPIC-01,open-draft,None: local UI/navigation; destination resource read only,pending-control-verification,,,Existing controls do not establish revision4 acceptance; audit against written contract.
SOURCE-01-I01,SOURCE-01,source-select,None: local UI/navigation; destination resource read only,pending-control-verification,,,Existing controls do not establish revision4 acceptance; audit against written contract.
SOURCE-01-I02,SOURCE-01,open-source,None: local UI/navigation; destination resource read only,pending-control-verification,,,Existing controls do not establish revision4 acceptance; audit against written contract.
SOURCE-01-I03,SOURCE-01,edit-evidence,PATCH /v1/topics/{topicId}/sources/{sourceId},pending-control-verification,,,Existing controls do not establish revision4 acceptance; audit against written contract.
SOURCE-01-I04,SOURCE-01,verify-evidence,POST /topics/{topicId}/verify,pending-control-verification,,,Existing controls do not establish revision4 acceptance; audit against written contract.
CLAIM-01-I01,CLAIM-01,claim-open,None: local UI/navigation; destination resource read only,pending-control-verification,,,Existing controls do not establish revision4 acceptance; audit against written contract.
CLAIM-01-I02,CLAIM-01,evidence-jump,None: local UI/navigation; destination resource read only,pending-control-verification,,,Existing controls do not establish revision4 acceptance; audit against written contract.
CLAIM-01-I03,CLAIM-01,edit-claim,PATCH /v1/outputs/{outputId}/claims/{claimId},pending-control-verification,,,Existing controls do not establish revision4 acceptance; audit against written contract.
CLAIM-01-I04,CLAIM-01,exclude-claim,PATCH /v1/outputs/{outputId}/claims/{claimId},pending-control-verification,,,Existing controls do not establish revision4 acceptance; audit against written contract.
CLAIM-01-I05,CLAIM-01,rerun-grounding,POST /v1/outputs/{outputId}/grounding,pending-control-verification,,,Existing controls do not establish revision4 acceptance; audit against written contract.
IMPORT-01-I01,IMPORT-01,topic-title,None on input; owning form Save contract,pending-control-verification,,,Existing controls do not establish revision4 acceptance; audit against written contract.
IMPORT-01-I02,IMPORT-01,source-url,None on input; owning form Save contract,pending-control-verification,,,Existing controls do not establish revision4 acceptance; audit against written contract.
IMPORT-01-I03,IMPORT-01,publisher,None on input; owning form Save contract,pending-control-verification,,,Existing controls do not establish revision4 acceptance; audit against written contract.
IMPORT-01-I04,IMPORT-01,excerpt,None on input; owning form Save contract,pending-control-verification,,,Existing controls do not establish revision4 acceptance; audit against written contract.
IMPORT-01-I05,IMPORT-01,published-date,None on input; owning form Save contract,pending-control-verification,,,Existing controls do not establish revision4 acceptance; audit against written contract.
IMPORT-01-I06,IMPORT-01,category,PATCH /topics/{topicId},pending-control-verification,,,Existing controls do not establish revision4 acceptance; audit against written contract.
IMPORT-01-I07,IMPORT-01,priority,PATCH /topics/{topicId},pending-control-verification,,,Existing controls do not establish revision4 acceptance; audit against written contract.
IMPORT-01-I08,IMPORT-01,add-source,POST /topics,pending-control-verification,,,Existing controls do not establish revision4 acceptance; audit against written contract.
CREATE-01-I01,CREATE-01,format-carousel,None: local UI/navigation; destination resource read only,pending-control-verification,,,Existing controls do not establish revision4 acceptance; audit against written contract.
CREATE-01-I02,CREATE-01,format-reel,None: local UI/navigation; destination resource read only,pending-control-verification,,,Existing controls do not establish revision4 acceptance; audit against written contract.
CREATE-01-I03,CREATE-01,format-both,None: local UI/navigation; destination resource read only,pending-control-verification,,,Existing controls do not establish revision4 acceptance; audit against written contract.
CREATE-01-I04,CREATE-01,save-setup,POST /v1/setups,pending-control-verification,,,Existing controls do not establish revision4 acceptance; audit against written contract.
CREATE-01-I05,CREATE-01,next,POST /v1/setups,pending-control-verification,,,Existing controls do not establish revision4 acceptance; audit against written contract.
CREATE-02-I01,CREATE-02,audience,None on input; owning form Save contract,pending-control-verification,,,Existing controls do not establish revision4 acceptance; audit against written contract.
CREATE-02-I02,CREATE-02,tone,None on input; owning form Save contract,pending-control-verification,,,Existing controls do not establish revision4 acceptance; audit against written contract.
CREATE-02-I03,CREATE-02,language,None on input; owning form Save contract,pending-control-verification,,,Existing controls do not establish revision4 acceptance; audit against written contract.
CREATE-02-I05,CREATE-02,slide-count,None on input; owning form Save contract,pending-control-verification,,,Existing controls do not establish revision4 acceptance; audit against written contract.
CREATE-02-I06,CREATE-02,duration,None on input; owning form Save contract,pending-control-verification,,,Existing controls do not establish revision4 acceptance; audit against written contract.
CREATE-02-I07,CREATE-02,voiceover,PATCH /v1/outputs/{outputId}/timeline,pending-control-verification,,,Existing controls do not establish revision4 acceptance; audit against written contract.
CREATE-02-I08,CREATE-02,music,PATCH /v1/outputs/{outputId}/timeline,pending-control-verification,,,Existing controls do not establish revision4 acceptance; audit against written contract.
CREATE-02-I09,CREATE-02,subtitles,None on input; owning form Save contract,pending-control-verification,,,Existing controls do not establish revision4 acceptance; audit against written contract.
CREATE-02-I10,CREATE-02,back,None: local UI/navigation; destination resource read only,pending-control-verification,,,Existing controls do not establish revision4 acceptance; audit against written contract.
CREATE-02-I11,CREATE-02,next,None: local UI/navigation; destination resource read only,pending-control-verification,,,Existing controls do not establish revision4 acceptance; audit against written contract.
CREATE-03-I01,CREATE-03,edit-setup,None: local UI/navigation; destination resource read only,pending-control-verification,,,Existing controls do not establish revision4 acceptance; audit against written contract.
CREATE-03-I02,CREATE-03,start-generation,POST /v1/setups/{setupId}/generate,pending-control-verification,,,Existing controls do not establish revision4 acceptance; audit against written contract.
CREATE-03-I03,CREATE-03,save-setup,POST /v1/setups,pending-control-verification,,,Existing controls do not establish revision4 acceptance; audit against written contract.
CREATE-03-I04,CREATE-03,back,None: local UI/navigation; destination resource read only,pending-control-verification,,,Existing controls do not establish revision4 acceptance; audit against written contract.
GEN-01-I01,GEN-01,output-tab,None: local UI/navigation; destination resource read only,pending-control-verification,,,Existing controls do not establish revision4 acceptance; audit against written contract.
GEN-01-I02,GEN-01,view-job,None: local UI/navigation; destination resource read only,pending-control-verification,,,Existing controls do not establish revision4 acceptance; audit against written contract.
GEN-01-I03,GEN-01,open-editor,None: local UI/navigation; destination resource read only,pending-control-verification,,,Existing controls do not establish revision4 acceptance; audit against written contract.
GEN-01-I04,GEN-01,retry-unit,POST /v1/jobs/{jobId}/retry,pending-control-verification,,,Existing controls do not establish revision4 acceptance; audit against written contract.
GEN-01-I05,GEN-01,cancel-generation,POST /v1/jobs/{jobId}/cancel,pending-control-verification,,,Existing controls do not establish revision4 acceptance; audit against written contract.
GEN-01-I06,GEN-01,library,None: local UI/navigation; destination resource read only,pending-control-verification,,,Existing controls do not establish revision4 acceptance; audit against written contract.
CAR-01-I01,CAR-01,slide-select,None: local UI/navigation; destination resource read only,pending-control-verification,,,Existing controls do not establish revision4 acceptance; audit against written contract.
CAR-01-I02,CAR-01,slide-copy,PATCH /v1/outputs/{outputId}/slides/{slideId},pending-control-verification,,,Existing controls do not establish revision4 acceptance; audit against written contract.
CAR-01-I04,CAR-01,regenerate-slide,None: local UI/navigation; destination resource read only,pending-control-verification,,,Existing controls do not establish revision4 acceptance; audit against written contract.
CAR-01-I05,CAR-01,reorder,PUT /v1/outputs/{outputId}/slide-order,pending-control-verification,,,Existing controls do not establish revision4 acceptance; audit against written contract.
CAR-01-I06,CAR-01,add-slide,POST /v1/outputs/{outputId}/slides,pending-control-verification,,,Existing controls do not establish revision4 acceptance; audit against written contract.
CAR-01-I07,CAR-01,delete-slide,DELETE /v1/outputs/{outputId}/slides/{slideId},pending-control-verification,,,Existing controls do not establish revision4 acceptance; audit against written contract.
CAR-01-I08,CAR-01,undo,None: local UI/navigation; destination resource read only,pending-control-verification,,,Existing controls do not establish revision4 acceptance; audit against written contract.
CAR-01-I09,CAR-01,redo,None: local UI/navigation; destination resource read only,pending-control-verification,,,Existing controls do not establish revision4 acceptance; audit against written contract.
CAR-01-I10,CAR-01,versions,None: local UI/navigation; destination resource read only,pending-control-verification,,,Existing controls do not establish revision4 acceptance; audit against written contract.
CAR-01-I11,CAR-01,preview,None: local UI/navigation; destination resource read only,pending-control-verification,,,Existing controls do not establish revision4 acceptance; audit against written contract.
CAR-01-I12,CAR-01,caption,None: local UI/navigation; destination resource read only,pending-control-verification,,,Existing controls do not establish revision4 acceptance; audit against written contract.
CAR-01-I13,CAR-01,submit-review,POST /v1/outputs/{outputId}/submit,pending-control-verification,,,Existing controls do not establish revision4 acceptance; audit against written contract.
CAR-02-I01,CAR-02,slide-copy,PATCH /v1/outputs/{outputId}/slides/{slideId},pending-control-verification,,,Existing controls do not establish revision4 acceptance; audit against written contract.
CAR-02-I03,CAR-02,save-now,None: local UI/navigation; destination resource read only,pending-control-verification,,,Existing controls do not establish revision4 acceptance; audit against written contract.
CAR-02-I04,CAR-02,regenerate-slide,None: local UI/navigation; destination resource read only,pending-control-verification,,,Existing controls do not establish revision4 acceptance; audit against written contract.
CAR-02-I05,CAR-02,back,None: local UI/navigation; destination resource read only,pending-control-verification,,,Existing controls do not establish revision4 acceptance; audit against written contract.
CAR-03-I02,CAR-03,regenerate-confirm,POST /v1/outputs/{outputId}/slides/{slideId}/generate,pending-control-verification,,,Existing controls do not establish revision4 acceptance; audit against written contract.
CAR-03-I03,CAR-03,cancel,None: local UI/navigation; destination resource read only,pending-control-verification,,,Existing controls do not establish revision4 acceptance; audit against written contract.
VER-01-I01,VER-01,version-select,None: local UI/navigation; destination resource read only,pending-control-verification,,,Existing controls do not establish revision4 acceptance; audit against written contract.
VER-01-I02,VER-01,compare-version,None: local UI/navigation; destination resource read only,pending-control-verification,,,Existing controls do not establish revision4 acceptance; audit against written contract.
VER-01-I03,VER-01,restore-version,POST /v1/outputs/{outputId}/restore,pending-control-verification,,,Existing controls do not establish revision4 acceptance; audit against written contract.
VER-01-I04,VER-01,back,None: local UI/navigation; destination resource read only,pending-control-verification,,,Existing controls do not establish revision4 acceptance; audit against written contract.
REEL-01-I01,REEL-01,play,None: local UI/navigation; destination resource read only,pending-control-verification,,,Existing controls do not establish revision4 acceptance; audit against written contract.
REEL-01-I02,REEL-01,scrub,None: local UI/navigation; destination resource read only,pending-control-verification,,,Existing controls do not establish revision4 acceptance; audit against written contract.
REEL-01-I03,REEL-01,mute,None: local UI/navigation; destination resource read only,pending-control-verification,,,Existing controls do not establish revision4 acceptance; audit against written contract.
REEL-01-I04,REEL-01,fullscreen,None: local UI/navigation; destination resource read only,pending-control-verification,,,Existing controls do not establish revision4 acceptance; audit against written contract.
REEL-01-I05,REEL-01,script,None on input; owning form Save contract,pending-control-verification,,,Existing controls do not establish revision4 acceptance; audit against written contract.
REEL-01-I06,REEL-01,scene-select,None: local UI/navigation; destination resource read only,pending-control-verification,,,Existing controls do not establish revision4 acceptance; audit against written contract.
REEL-01-I07,REEL-01,reorder-scenes,PATCH /v1/outputs/{outputId}/timeline,pending-control-verification,,,Existing controls do not establish revision4 acceptance; audit against written contract.
REEL-01-I08,REEL-01,add-scene,PATCH /v1/outputs/{outputId}/timeline,pending-control-verification,,,Existing controls do not establish revision4 acceptance; audit against written contract.
REEL-01-I09,REEL-01,delete-scene,PATCH /v1/outputs/{outputId}/timeline,pending-control-verification,,,Existing controls do not establish revision4 acceptance; audit against written contract.
REEL-01-I10,REEL-01,voiceover,None: navigation; target reads GET /v1/outputs/{outputId}/timeline,pending-control-verification,,,Existing controls do not establish revision4 acceptance; audit against written contract.
REEL-01-I11,REEL-01,music,None: navigation; target reads GET /v1/outputs/{outputId}/timeline,pending-control-verification,,,Existing controls do not establish revision4 acceptance; audit against written contract.
REEL-01-I12,REEL-01,subtitles,None: navigation; target reads GET /v1/outputs/{outputId}/timeline,pending-control-verification,,,Existing controls do not establish revision4 acceptance; audit against written contract.
REEL-01-I13,REEL-01,render,POST /v1/outputs/{outputId}/render,pending-control-verification,,,Existing controls do not establish revision4 acceptance; audit against written contract.
REEL-01-I14,REEL-01,versions,None: local UI/navigation; destination resource read only,pending-control-verification,,,Existing controls do not establish revision4 acceptance; audit against written contract.
REEL-01-I15,REEL-01,preview,None: local UI/navigation; destination resource read only,pending-control-verification,,,Existing controls do not establish revision4 acceptance; audit against written contract.
REEL-01-I16,REEL-01,submit-review,POST /v1/outputs/{outputId}/submit,pending-control-verification,,,Existing controls do not establish revision4 acceptance; audit against written contract.
REEL-02-I01,REEL-02,script,PATCH /v1/outputs/{outputId}/timeline,pending-control-verification,,,Existing controls do not establish revision4 acceptance; audit against written contract.
REEL-02-I02,REEL-02,ai-rewrite,POST /v1/outputs/{outputId}/script/suggestions,pending-control-verification,,,Existing controls do not establish revision4 acceptance; audit against written contract.
REEL-02-I03,REEL-02,save-now,None: local UI/navigation; destination resource read only,pending-control-verification,,,Existing controls do not establish revision4 acceptance; audit against written contract.
REEL-02-I04,REEL-02,back,None: local UI/navigation; destination resource read only,pending-control-verification,,,Existing controls do not establish revision4 acceptance; audit against written contract.
REEL-03-I01,REEL-03,scene-select,None: local UI/navigation; destination resource read only,pending-control-verification,,,Existing controls do not establish revision4 acceptance; audit against written contract.
REEL-03-I02,REEL-03,reorder-scenes,PATCH /v1/outputs/{outputId}/timeline,pending-control-verification,,,Existing controls do not establish revision4 acceptance; audit against written contract.
REEL-03-I03,REEL-03,add-scene,PATCH /v1/outputs/{outputId}/timeline,pending-control-verification,,,Existing controls do not establish revision4 acceptance; audit against written contract.
REEL-03-I04,REEL-03,delete-scene,PATCH /v1/outputs/{outputId}/timeline,pending-control-verification,,,Existing controls do not establish revision4 acceptance; audit against written contract.
REEL-03-I05,REEL-03,back,None: local UI/navigation; destination resource read only,pending-control-verification,,,Existing controls do not establish revision4 acceptance; audit against written contract.
REEL-04-I01,REEL-04,scene-copy,PATCH /v1/outputs/{outputId}/timeline,pending-control-verification,,,Existing controls do not establish revision4 acceptance; audit against written contract.
REEL-04-I02,REEL-04,scene-duration,PATCH /v1/outputs/{outputId}/timeline,pending-control-verification,,,Existing controls do not establish revision4 acceptance; audit against written contract.
REEL-04-I04,REEL-04,regenerate-scene,POST /v1/outputs/{outputId}/scenes/{sceneId}/generate,pending-control-verification,,,Existing controls do not establish revision4 acceptance; audit against written contract.
REEL-04-I05,REEL-04,save-now,None: local UI/navigation; destination resource read only,pending-control-verification,,,Existing controls do not establish revision4 acceptance; audit against written contract.
REEL-04-I06,REEL-04,back,None: local UI/navigation; destination resource read only,pending-control-verification,,,Existing controls do not establish revision4 acceptance; audit against written contract.
REEL-05-I01,REEL-05,voice-preview,None: local UI/navigation; destination resource read only,pending-control-verification,,,Existing controls do not establish revision4 acceptance; audit against written contract.
REEL-05-I02,REEL-05,voiceover,PATCH /v1/outputs/{outputId}/timeline,pending-control-verification,,,Existing controls do not establish revision4 acceptance; audit against written contract.
REEL-05-I03,REEL-05,music,PATCH /v1/outputs/{outputId}/timeline,pending-control-verification,,,Existing controls do not establish revision4 acceptance; audit against written contract.
REEL-05-I04,REEL-05,upload-audio,POST /v1/outputs/{outputId}/audio/uploads,pending-control-verification,,,Existing controls do not establish revision4 acceptance; audit against written contract.
REEL-05-I05,REEL-05,volume,PATCH /v1/outputs/{outputId}/timeline,pending-control-verification,,,Existing controls do not establish revision4 acceptance; audit against written contract.
REEL-05-I06,REEL-05,ducking,PATCH /v1/outputs/{outputId}/timeline,pending-control-verification,,,Existing controls do not establish revision4 acceptance; audit against written contract.
REEL-05-I07,REEL-05,rights,PATCH /v1/outputs/{outputId}/timeline,pending-control-verification,,,Existing controls do not establish revision4 acceptance; audit against written contract.
REEL-05-I08,REEL-05,save-now,None: local UI/navigation; destination resource read only,pending-control-verification,,,Existing controls do not establish revision4 acceptance; audit against written contract.
REEL-05-I09,REEL-05,back,None: local UI/navigation; destination resource read only,pending-control-verification,,,Existing controls do not establish revision4 acceptance; audit against written contract.
REEL-06-I01,REEL-06,cue-select,None: local UI/navigation; destination resource read only,pending-control-verification,,,Existing controls do not establish revision4 acceptance; audit against written contract.
REEL-06-I02,REEL-06,cue-text,PATCH /v1/outputs/{outputId}/timeline,pending-control-verification,,,Existing controls do not establish revision4 acceptance; audit against written contract.
REEL-06-I03,REEL-06,cue-timing,PATCH /v1/outputs/{outputId}/timeline,pending-control-verification,,,Existing controls do not establish revision4 acceptance; audit against written contract.
REEL-06-I04,REEL-06,subtitle-style,PATCH /v1/outputs/{outputId}/timeline,pending-control-verification,,,Existing controls do not establish revision4 acceptance; audit against written contract.
REEL-06-I05,REEL-06,save-now,None: local UI/navigation; destination resource read only,pending-control-verification,,,Existing controls do not establish revision4 acceptance; audit against written contract.
REEL-06-I06,REEL-06,back,None: local UI/navigation; destination resource read only,pending-control-verification,,,Existing controls do not establish revision4 acceptance; audit against written contract.
CAP-01-I01,CAP-01,caption-text,PATCH /v1/outputs/{outputId}/caption,pending-control-verification,,,Existing controls do not establish revision4 acceptance; audit against written contract.
CAP-01-I02,CAP-01,hashtags,PATCH /v1/outputs/{outputId}/caption,pending-control-verification,,,Existing controls do not establish revision4 acceptance; audit against written contract.
CAP-01-I03,CAP-01,suggest-caption,POST /v1/outputs/{outputId}/caption/suggestions,pending-control-verification,,,Existing controls do not establish revision4 acceptance; audit against written contract.
CAP-01-I04,CAP-01,copy-caption,None: local UI/navigation; destination resource read only,pending-control-verification,,,Existing controls do not establish revision4 acceptance; audit against written contract.
CAP-01-I05,CAP-01,save-now,None: local UI/navigation; destination resource read only,pending-control-verification,,,Existing controls do not establish revision4 acceptance; audit against written contract.
CAP-01-I06,CAP-01,back,None: local UI/navigation; destination resource read only,pending-control-verification,,,Existing controls do not establish revision4 acceptance; audit against written contract.
PRE-01-I01,PRE-01,previous,None: local UI/navigation; destination resource read only,pending-control-verification,,,Existing controls do not establish revision4 acceptance; audit against written contract.
PRE-01-I02,PRE-01,next-slide,None: local UI/navigation; destination resource read only,pending-control-verification,,,Existing controls do not establish revision4 acceptance; audit against written contract.
PRE-01-I03,PRE-01,zoom,None: local UI/navigation; destination resource read only,pending-control-verification,,,Existing controls do not establish revision4 acceptance; audit against written contract.
PRE-01-I04,PRE-01,slide-select,None: local UI/navigation; destination resource read only,pending-control-verification,,,Existing controls do not establish revision4 acceptance; audit against written contract.
PRE-01-I05,PRE-01,download,GET /v1/outputs/{outputId}/exports/{revision},pending-control-verification,,,Existing controls do not establish revision4 acceptance; audit against written contract.
PRE-01-I06,PRE-01,edit,None: local UI/navigation; destination resource read only,pending-control-verification,,,Existing controls do not establish revision4 acceptance; audit against written contract.
PRE-01-I07,PRE-01,close,None: local UI/navigation; destination resource read only,pending-control-verification,,,Existing controls do not establish revision4 acceptance; audit against written contract.
PRE-02-I01,PRE-02,play,None: local UI/navigation; destination resource read only,pending-control-verification,,,Existing controls do not establish revision4 acceptance; audit against written contract.
PRE-02-I02,PRE-02,scrub,None: local UI/navigation; destination resource read only,pending-control-verification,,,Existing controls do not establish revision4 acceptance; audit against written contract.
PRE-02-I03,PRE-02,mute,None: local UI/navigation; destination resource read only,pending-control-verification,,,Existing controls do not establish revision4 acceptance; audit against written contract.
PRE-02-I04,PRE-02,fullscreen,None: local UI/navigation; destination resource read only,pending-control-verification,,,Existing controls do not establish revision4 acceptance; audit against written contract.
PRE-02-I05,PRE-02,transcript,None: local UI/navigation; destination resource read only,pending-control-verification,,,Existing controls do not establish revision4 acceptance; audit against written contract.
PRE-02-I06,PRE-02,download,GET /v1/outputs/{outputId}/exports/{revision},pending-control-verification,,,Existing controls do not establish revision4 acceptance; audit against written contract.
PRE-02-I07,PRE-02,edit,None: local UI/navigation; destination resource read only,pending-control-verification,,,Existing controls do not establish revision4 acceptance; audit against written contract.
PRE-02-I08,PRE-02,close,None: local UI/navigation; destination resource read only,pending-control-verification,,,Existing controls do not establish revision4 acceptance; audit against written contract.
REVIEW-01-I01,REVIEW-01,review-filters,None: local UI/navigation; destination resource read only,pending-control-verification,,,Existing controls do not establish revision4 acceptance; audit against written contract.
REVIEW-01-I02,REVIEW-01,review-open,None: local UI/navigation; destination resource read only,pending-control-verification,,,Existing controls do not establish revision4 acceptance; audit against written contract.
REVIEW-01-I03,REVIEW-01,search-content,None: local UI/navigation; destination resource read only,pending-control-verification,,,Existing controls do not establish revision4 acceptance; audit against written contract.
REVIEW-02-I01,REVIEW-02,preview,None: local UI/navigation; destination resource read only,pending-control-verification,,,Existing controls do not establish revision4 acceptance; audit against written contract.
REVIEW-02-I02,REVIEW-02,sources,None: local UI/navigation; destination resource read only,pending-control-verification,,,Existing controls do not establish revision4 acceptance; audit against written contract.
REVIEW-02-I03,REVIEW-02,caption,None: local UI/navigation; destination resource read only,pending-control-verification,,,Existing controls do not establish revision4 acceptance; audit against written contract.
REVIEW-02-I04,REVIEW-02,checklist,None: local UI/navigation; destination resource read only,pending-control-verification,,,Existing controls do not establish revision4 acceptance; audit against written contract.
REVIEW-02-I05,REVIEW-02,approve,POST /v1/outputs/{outputId}/approve,pending-control-verification,,,Existing controls do not establish revision4 acceptance; audit against written contract.
REVIEW-02-I06,REVIEW-02,request-changes,None: local UI/navigation; destination resource read only,pending-control-verification,,,Existing controls do not establish revision4 acceptance; audit against written contract.
REVIEW-02-I07,REVIEW-02,edit,None: local UI/navigation; destination resource read only,pending-control-verification,,,Existing controls do not establish revision4 acceptance; audit against written contract.
REVIEW-02-I08,REVIEW-02,back,None: local UI/navigation; destination resource read only,pending-control-verification,,,Existing controls do not establish revision4 acceptance; audit against written contract.
REVIEW-03-I01,REVIEW-03,revision-target,None on input; owning form Save contract,pending-control-verification,,,Existing controls do not establish revision4 acceptance; audit against written contract.
REVIEW-03-I02,REVIEW-03,revision-note,None on input; owning form Save contract,pending-control-verification,,,Existing controls do not establish revision4 acceptance; audit against written contract.
REVIEW-03-I03,REVIEW-03,submit-changes,POST /v1/outputs/{outputId}/changes,pending-control-verification,,,Existing controls do not establish revision4 acceptance; audit against written contract.
REVIEW-03-I04,REVIEW-03,cancel,None: local UI/navigation; destination resource read only,pending-control-verification,,,Existing controls do not establish revision4 acceptance; audit against written contract.
PUB-01-I01,PUB-01,account-select,None on input; owning form Save contract,pending-control-verification,,,Existing controls do not establish revision4 acceptance; audit against written contract.
PUB-01-I02,PUB-01,publish-mode,None on input; owning form Save contract,pending-control-verification,,,Existing controls do not establish revision4 acceptance; audit against written contract.
PUB-01-I03,PUB-01,schedule-date,None on input; owning form Save contract,pending-control-verification,,,Existing controls do not establish revision4 acceptance; audit against written contract.
PUB-01-I04,PUB-01,timezone,None on input; owning form Save contract,pending-control-verification,,,Existing controls do not establish revision4 acceptance; audit against written contract.
PUB-01-I05,PUB-01,preflight,POST /v1/publications/preflight,pending-control-verification,,,Existing controls do not establish revision4 acceptance; audit against written contract.
PUB-01-I06,PUB-01,confirm-publish,POST /v1/publications,pending-control-verification,,,Existing controls do not establish revision4 acceptance; audit against written contract.
PUB-01-I07,PUB-01,confirm-schedule,POST /v1/publications,pending-control-verification,,,Existing controls do not establish revision4 acceptance; audit against written contract.
PUB-01-I08,PUB-01,cancel,None: local UI/navigation; destination resource read only,pending-control-verification,,,Existing controls do not establish revision4 acceptance; audit against written contract.
PUB-02-I01,PUB-02,view-account,None: local UI/navigation; destination resource read only,pending-control-verification,,,Existing controls do not establish revision4 acceptance; audit against written contract.
PUB-02-I02,PUB-02,view-content,None: local UI/navigation; destination resource read only,pending-control-verification,,,Existing controls do not establish revision4 acceptance; audit against written contract.
PUB-02-I03,PUB-02,view-job,None: local UI/navigation; destination resource read only,pending-control-verification,,,Existing controls do not establish revision4 acceptance; audit against written contract.
PUB-02-I04,PUB-02,reconcile,None: local UI/navigation; destination resource read only,pending-control-verification,,,Existing controls do not establish revision4 acceptance; audit against written contract.
PUB-02-I05,PUB-02,back,None: local UI/navigation; destination resource read only,pending-control-verification,,,Existing controls do not establish revision4 acceptance; audit against written contract.
PUB-03-I01,PUB-03,outcome,None on input; owning form Save contract,pending-control-verification,,,Existing controls do not establish revision4 acceptance; audit against written contract.
PUB-03-I02,PUB-03,external-id,None on input; owning form Save contract,pending-control-verification,,,Existing controls do not establish revision4 acceptance; audit against written contract.
PUB-03-I03,PUB-03,reconcile-note,None on input; owning form Save contract,pending-control-verification,,,Existing controls do not establish revision4 acceptance; audit against written contract.
PUB-03-I04,PUB-03,save-outcome,POST /v1/publications/{publicationId}/reconcile,pending-control-verification,,,Existing controls do not establish revision4 acceptance; audit against written contract.
PUB-03-I05,PUB-03,cancel,None: local UI/navigation; destination resource read only,pending-control-verification,,,Existing controls do not establish revision4 acceptance; audit against written contract.
CAL-01-I01,CAL-01,calendar-view,None: local UI/navigation; destination resource read only,pending-control-verification,,,Existing controls do not establish revision4 acceptance; audit against written contract.
CAL-01-I02,CAL-01,calendar-date,None: local UI/navigation; destination resource read only,pending-control-verification,,,Existing controls do not establish revision4 acceptance; audit against written contract.
CAL-01-I03,CAL-01,publication-open,None: local UI/navigation; destination resource read only,pending-control-verification,,,Existing controls do not establish revision4 acceptance; audit against written contract.
CAL-01-I04,CAL-01,reschedule,PATCH /v1/publications/{publicationId}/schedule,pending-control-verification,,,Existing controls do not establish revision4 acceptance; audit against written contract.
CAL-01-I05,CAL-01,cancel-schedule,POST /v1/publications/{publicationId}/cancel,pending-control-verification,,,Existing controls do not establish revision4 acceptance; audit against written contract.
CAL-01-I06,CAL-01,timezone,None on input; owning form Save contract,pending-control-verification,,,Existing controls do not establish revision4 acceptance; audit against written contract.
LIB-01-I01,LIB-01,search-content,None: local UI/navigation; destination resource read only,pending-control-verification,,,Existing controls do not establish revision4 acceptance; audit against written contract.
LIB-01-I02,LIB-01,library-filters,None: local UI/navigation; destination resource read only,pending-control-verification,,,Existing controls do not establish revision4 acceptance; audit against written contract.
LIB-01-I03,LIB-01,sort,None: local UI/navigation; destination resource read only,pending-control-verification,,,Existing controls do not establish revision4 acceptance; audit against written contract.
LIB-01-I04,LIB-01,view-toggle,None: local UI/navigation; destination resource read only,pending-control-verification,,,Existing controls do not establish revision4 acceptance; audit against written contract.
LIB-01-I05,LIB-01,content-open,None: local UI/navigation; destination resource read only,pending-control-verification,,,Existing controls do not establish revision4 acceptance; audit against written contract.
LIB-01-I06,LIB-01,create,None: local UI/navigation; destination resource read only,pending-control-verification,,,Existing controls do not establish revision4 acceptance; audit against written contract.
LIB-01-I07,LIB-01,content-menu,None: local UI/navigation; destination resource read only,pending-control-verification,,,Existing controls do not establish revision4 acceptance; audit against written contract.
LIB-01-I08,LIB-01,load-more,None: local UI/navigation; destination resource read only,pending-control-verification,,,Existing controls do not establish revision4 acceptance; audit against written contract.
LIB-02-I01,LIB-02,output-open,None: local UI/navigation; destination resource read only,pending-control-verification,,,Existing controls do not establish revision4 acceptance; audit against written contract.
LIB-02-I02,LIB-02,content-menu,None: local UI/navigation; destination resource read only,pending-control-verification,,,Existing controls do not establish revision4 acceptance; audit against written contract.
LIB-02-I03,LIB-02,duplicate,POST /v1/content/{contentId}/duplicate,pending-control-verification,,,Existing controls do not establish revision4 acceptance; audit against written contract.
LIB-02-I04,LIB-02,archive-content,POST /v1/content/{contentId}/archive,pending-control-verification,,,Existing controls do not establish revision4 acceptance; audit against written contract.
LIB-02-I05,LIB-02,delete-content,POST /v1/content/{contentId}/trash,pending-control-verification,,,Existing controls do not establish revision4 acceptance; audit against written contract.
LIB-02-I06,LIB-02,export-content,POST /v1/content/{contentId}/exports,pending-control-verification,,,Existing controls do not establish revision4 acceptance; audit against written contract.
LIB-02-I07,LIB-02,activity,None: local UI/navigation; destination resource read only,pending-control-verification,,,Existing controls do not establish revision4 acceptance; audit against written contract.
LIB-02-I08,LIB-02,back,None: local UI/navigation; destination resource read only,pending-control-verification,,,Existing controls do not establish revision4 acceptance; audit against written contract.
TRASH-01-I01,TRASH-01,restore-content,POST /v1/content/{contentId}/restore,pending-control-verification,,,Existing controls do not establish revision4 acceptance; audit against written contract.
TRASH-01-I02,TRASH-01,permanent-delete,DELETE /v1/content/{contentId}/purge,pending-control-verification,,,Existing controls do not establish revision4 acceptance; audit against written contract.
TRASH-01-I03,TRASH-01,back,None: local UI/navigation; destination resource read only,pending-control-verification,,,Existing controls do not establish revision4 acceptance; audit against written contract.
ACT-01-I01,ACT-01,activity-tabs,None: local UI/navigation; destination resource read only,pending-control-verification,,,Existing controls do not establish revision4 acceptance; audit against written contract.
ACT-01-I02,ACT-01,job-filters,None: local UI/navigation; destination resource read only,pending-control-verification,,,Existing controls do not establish revision4 acceptance; audit against written contract.
ACT-01-I03,ACT-01,job-open,None: local UI/navigation; destination resource read only,pending-control-verification,,,Existing controls do not establish revision4 acceptance; audit against written contract.
ACT-01-I04,ACT-01,retry-job,POST /v1/jobs/{jobId}/retry,pending-control-verification,,,Existing controls do not establish revision4 acceptance; audit against written contract.
ACT-01-I05,ACT-01,content-open,None: local UI/navigation; destination resource read only,pending-control-verification,,,Existing controls do not establish revision4 acceptance; audit against written contract.
ACT-01-I06,ACT-01,load-more,None: local UI/navigation; destination resource read only,pending-control-verification,,,Existing controls do not establish revision4 acceptance; audit against written contract.
ACT-02-I01,ACT-02,job-tabs,None: local UI/navigation; destination resource read only,pending-control-verification,,,Existing controls do not establish revision4 acceptance; audit against written contract.
ACT-02-I02,ACT-02,diagnostics,POST /v1/diagnostics/exports,pending-control-verification,,,Existing controls do not establish revision4 acceptance; audit against written contract.
ACT-02-I03,ACT-02,retry-job,POST /v1/jobs/{jobId}/retry,pending-control-verification,,,Existing controls do not establish revision4 acceptance; audit against written contract.
ACT-02-I04,ACT-02,cancel-job,POST /v1/jobs/{jobId}/cancel,pending-control-verification,,,Existing controls do not establish revision4 acceptance; audit against written contract.
ACT-02-I05,ACT-02,content-open,None: local UI/navigation; destination resource read only,pending-control-verification,,,Existing controls do not establish revision4 acceptance; audit against written contract.
ACT-02-I06,ACT-02,back,None: local UI/navigation; destination resource read only,pending-control-verification,,,Existing controls do not establish revision4 acceptance; audit against written contract.
NOT-01-I01,NOT-01,notification-open,None: local UI/navigation; destination resource read only,pending-control-verification,,,Existing controls do not establish revision4 acceptance; audit against written contract.
NOT-01-I02,NOT-01,mark-read,PATCH /v1/notifications/{notificationId}/read,pending-control-verification,,,Existing controls do not establish revision4 acceptance; audit against written contract.
NOT-01-I03,NOT-01,mark-all-read,POST /v1/notifications/read-all,pending-control-verification,,,Existing controls do not establish revision4 acceptance; audit against written contract.
NOT-01-I04,NOT-01,notification-filter,None on input; owning form Save contract,pending-control-verification,,,Existing controls do not establish revision4 acceptance; audit against written contract.
NOT-01-I05,NOT-01,notification-settings,None: local UI/navigation; destination resource read only,pending-control-verification,,,Existing controls do not establish revision4 acceptance; audit against written contract.
ANA-01-I01,ANA-01,analytics-account,None: local UI/navigation; destination resource read only,pending-control-verification,,,Existing controls do not establish revision4 acceptance; audit against written contract.
ANA-01-I02,ANA-01,analytics-date,None on input; owning form Save contract,pending-control-verification,,,Existing controls do not establish revision4 acceptance; audit against written contract.
ANA-01-I03,ANA-01,analytics-format,None: local UI/navigation; destination resource read only,pending-control-verification,,,Existing controls do not establish revision4 acceptance; audit against written contract.
ANA-01-I04,ANA-01,metric-info,None: local UI/navigation; destination resource read only,pending-control-verification,,,Existing controls do not establish revision4 acceptance; audit against written contract.
ANA-01-I05,ANA-01,analytics-post,None: local UI/navigation; destination resource read only,pending-control-verification,,,Existing controls do not establish revision4 acceptance; audit against written contract.
ANA-01-I06,ANA-01,compare,None: local UI/navigation; destination resource read only,pending-control-verification,,,Existing controls do not establish revision4 acceptance; audit against written contract.
ANA-01-I07,ANA-01,export-report,POST /v1/analytics/exports,pending-control-verification,,,Existing controls do not establish revision4 acceptance; audit against written contract.
ANA-01-I08,ANA-01,refresh-metrics,POST /v1/analytics/refresh,pending-control-verification,,,Existing controls do not establish revision4 acceptance; audit against written contract.
ANA-02-I01,ANA-02,metric-info,None: local UI/navigation; destination resource read only,pending-control-verification,,,Existing controls do not establish revision4 acceptance; audit against written contract.
ANA-02-I02,ANA-02,analytics-date,None on input; owning form Save contract,pending-control-verification,,,Existing controls do not establish revision4 acceptance; audit against written contract.
ANA-02-I03,ANA-02,view-account,None: local UI/navigation; destination resource read only,pending-control-verification,,,Existing controls do not establish revision4 acceptance; audit against written contract.
ANA-02-I04,ANA-02,compare,None: local UI/navigation; destination resource read only,pending-control-verification,,,Existing controls do not establish revision4 acceptance; audit against written contract.
ANA-02-I05,ANA-02,export-report,POST /v1/analytics/exports,pending-control-verification,,,Existing controls do not establish revision4 acceptance; audit against written contract.
ANA-02-I06,ANA-02,back,None: local UI/navigation; destination resource read only,pending-control-verification,,,Existing controls do not establish revision4 acceptance; audit against written contract.
ANA-03-I01,ANA-03,compare-select,None: local UI/navigation; destination resource read only,pending-control-verification,,,Existing controls do not establish revision4 acceptance; audit against written contract.
ANA-03-I02,ANA-03,metric-select,None: local UI/navigation; destination resource read only,pending-control-verification,,,Existing controls do not establish revision4 acceptance; audit against written contract.
ANA-03-I03,ANA-03,comparison-period,None on input; owning form Save contract,pending-control-verification,,,Existing controls do not establish revision4 acceptance; audit against written contract.
ANA-03-I04,ANA-03,export-report,POST /v1/analytics/exports,pending-control-verification,,,Existing controls do not establish revision4 acceptance; audit against written contract.
ANA-03-I05,ANA-03,back,None: local UI/navigation; destination resource read only,pending-control-verification,,,Existing controls do not establish revision4 acceptance; audit against written contract.
SET-01-I01,SET-01,settings-destination,None: local UI/navigation; destination resource read only,pending-control-verification,,,Existing controls do not establish revision4 acceptance; audit against written contract.
SET-02-I01,SET-02,profile-name,None on input; owning form Save contract,implemented-partial-verification,routes/studio_profile.py; web/features/ProfileSettings.tsx; mobile/features/ProfileSettings.tsx,test_profiles.py persisted revisions/idempotency/conflict/validation,Native device verification pending; timezone native picker and protected offline buffers pending; profile avatar separate pending control.
SET-02-I02,SET-02,avatar,None on input; owning form Save contract,pending-control-verification,,,Existing controls do not establish revision4 acceptance; audit against written contract.
SET-02-I03,SET-02,language,None on input; owning form Save contract,implemented-partial-verification,routes/studio_profile.py; web/features/ProfileSettings.tsx; mobile/features/ProfileSettings.tsx,test_profiles.py persisted revisions/idempotency/conflict/validation,Native device verification pending; timezone native picker and protected offline buffers pending; profile avatar separate pending control.
SET-02-I04,SET-02,timezone,None on input; owning form Save contract,implemented-partial-verification,routes/studio_profile.py; web/features/ProfileSettings.tsx; mobile/features/ProfileSettings.tsx,test_profiles.py persisted revisions/idempotency/conflict/validation,Native device verification pending; timezone native picker and protected offline buffers pending; profile avatar separate pending control.
SET-02-I05,SET-02,save-settings,None: local UI/navigation; destination resource read only,implemented-partial-verification,routes/studio_profile.py; web/features/ProfileSettings.tsx; mobile/features/ProfileSettings.tsx,test_profiles.py persisted revisions/idempotency/conflict/validation,Native device verification pending; timezone native picker and protected offline buffers pending; profile avatar separate pending control.
SET-03-I01,SET-03,research-toggle,None on input; owning form Save contract,pending-control-verification,,,Existing controls do not establish revision4 acceptance; audit against written contract.
SET-03-I02,SET-03,research-time,None on input; owning form Save contract,pending-control-verification,,,Existing controls do not establish revision4 acceptance; audit against written contract.
SET-03-I03,SET-03,timezone,None on input; owning form Save contract,pending-control-verification,,,Existing controls do not establish revision4 acceptance; audit against written contract.
SET-03-I04,SET-03,category-mix,None on input; owning form Save contract,pending-control-verification,,,Existing controls do not establish revision4 acceptance; audit against written contract.
SET-03-I05,SET-03,auto-draft,None on input; owning form Save contract,pending-control-verification,,,Existing controls do not establish revision4 acceptance; audit against written contract.
SET-03-I06,SET-03,save-settings,None: local UI/navigation; destination resource read only,pending-control-verification,,,Existing controls do not establish revision4 acceptance; audit against written contract.
SET-03-I07,SET-03,run-research,POST /v1/research/runs,pending-control-verification,,,Existing controls do not establish revision4 acceptance; audit against written contract.
SET-04-I01,SET-04,provider-open,None: local UI/navigation; destination resource read only,pending-control-verification,,,Existing controls do not establish revision4 acceptance; audit against written contract.
SET-04-I02,SET-04,connect-provider,None: local UI/navigation; destination resource read only,pending-control-verification,,,Existing controls do not establish revision4 acceptance; audit against written contract.
SET-04-I03,SET-04,test-provider,POST /v1/providers/{providerId}/test,pending-control-verification,,,Existing controls do not establish revision4 acceptance; audit against written contract.
SET-04-I04,SET-04,disconnect-provider,DELETE /v1/providers/{providerId}/connection,pending-control-verification,,,Existing controls do not establish revision4 acceptance; audit against written contract.
SET-05-I01,SET-05,provider-key,None on input; owning form Save contract,pending-control-verification,,,Existing controls do not establish revision4 acceptance; audit against written contract.
SET-05-I02,SET-05,provider-model,None on input; owning form Save contract,pending-control-verification,,,Existing controls do not establish revision4 acceptance; audit against written contract.
SET-05-I03,SET-05,test-provider,POST /v1/providers/{providerId}/test,pending-control-verification,,,Existing controls do not establish revision4 acceptance; audit against written contract.
SET-05-I04,SET-05,save-provider,PUT /v1/providers/{providerId}/credentials,pending-control-verification,,,Existing controls do not establish revision4 acceptance; audit against written contract.
SET-05-I05,SET-05,disconnect-provider,DELETE /v1/providers/{providerId}/connection,pending-control-verification,,,Existing controls do not establish revision4 acceptance; audit against written contract.
SET-05-I06,SET-05,back,None: local UI/navigation; destination resource read only,pending-control-verification,,,Existing controls do not establish revision4 acceptance; audit against written contract.
SET-06-I01,SET-06,connect-instagram,POST /v1/instagram/oauth/start,pending-control-verification,,,Existing controls do not establish revision4 acceptance; audit against written contract.
SET-06-I02,SET-06,account-open,None: local UI/navigation; destination resource read only,pending-control-verification,,,Existing controls do not establish revision4 acceptance; audit against written contract.
SET-06-I03,SET-06,test-instagram,POST /v1/instagram/{accountId}/test,pending-control-verification,,,Existing controls do not establish revision4 acceptance; audit against written contract.
SET-06-I04,SET-06,reconnect-instagram,POST /v1/instagram/{accountId}/reconnect,pending-control-verification,,,Existing controls do not establish revision4 acceptance; audit against written contract.
SET-06-I05,SET-06,disconnect-instagram,DELETE /v1/instagram/{accountId},pending-control-verification,,,Existing controls do not establish revision4 acceptance; audit against written contract.
SET-07-I01,SET-07,test-instagram,POST /v1/instagram/{accountId}/test,pending-control-verification,,,Existing controls do not establish revision4 acceptance; audit against written contract.
SET-07-I02,SET-07,reconnect-instagram,POST /v1/instagram/{accountId}/reconnect,pending-control-verification,,,Existing controls do not establish revision4 acceptance; audit against written contract.
SET-07-I03,SET-07,disconnect-instagram,DELETE /v1/instagram/{accountId},pending-control-verification,,,Existing controls do not establish revision4 acceptance; audit against written contract.
SET-07-I04,SET-07,blocked-schedules,None: local UI/navigation; destination resource read only,pending-control-verification,,,Existing controls do not establish revision4 acceptance; audit against written contract.
SET-07-I05,SET-07,back,None: local UI/navigation; destination resource read only,pending-control-verification,,,Existing controls do not establish revision4 acceptance; audit against written contract.
SET-08-I01,SET-08,notification-toggle,None on input; owning form Save contract,pending-control-verification,,,Existing controls do not establish revision4 acceptance; audit against written contract.
SET-08-I02,SET-08,enable-push,None: local UI/navigation; destination resource read only,pending-control-verification,,,Existing controls do not establish revision4 acceptance; audit against written contract.
SET-08-I03,SET-08,quiet-hours,None on input; owning form Save contract,pending-control-verification,,,Existing controls do not establish revision4 acceptance; audit against written contract.
SET-08-I04,SET-08,open-os-settings,None: local UI/navigation; destination resource read only,pending-control-verification,,,Existing controls do not establish revision4 acceptance; audit against written contract.
SET-08-I05,SET-08,save-settings,None: local UI/navigation; destination resource read only,pending-control-verification,,,Existing controls do not establish revision4 acceptance; audit against written contract.
SET-09-I01,SET-09,session-revoke,DELETE /v1/sessions/{sessionId},pending-control-verification,,,Existing controls do not establish revision4 acceptance; audit against written contract.
SET-09-I02,SET-09,link-apple,POST /v1/me/apple,pending-control-verification,,,Existing controls do not establish revision4 acceptance; audit against written contract.
SET-09-I03,SET-09,sign-out,POST /v1/auth/logout,pending-control-verification,,,Existing controls do not establish revision4 acceptance; audit against written contract.
SET-09-I04,SET-09,sign-out-all,POST /v1/auth/logout,pending-control-verification,,,Existing controls do not establish revision4 acceptance; audit against written contract.
SET-10-I01,SET-10,workspace-name,None on input; owning form Save contract,pending-control-verification,,,Existing controls do not establish revision4 acceptance; audit against written contract.
SET-10-I02,SET-10,member-role,PATCH /v1/workspaces/{workspaceId}/members/{memberId},pending-control-verification,,,Existing controls do not establish revision4 acceptance; audit against written contract.
SET-10-I03,SET-10,invite-member,POST /v1/workspaces/{workspaceId}/invitations,pending-control-verification,,,Existing controls do not establish revision4 acceptance; audit against written contract.
SET-10-I04,SET-10,remove-member,DELETE /v1/workspaces/{workspaceId}/members/{memberId},pending-control-verification,,,Existing controls do not establish revision4 acceptance; audit against written contract.
SET-10-I05,SET-10,save-settings,None: local UI/navigation; destination resource read only,pending-control-verification,,,Existing controls do not establish revision4 acceptance; audit against written contract.
SET-11-I01,SET-11,export-data,POST /v1/data/exports,pending-control-verification,,,Existing controls do not establish revision4 acceptance; audit against written contract.
SET-11-I02,SET-11,delete-account,POST /v1/account/deletion,pending-control-verification,,,Existing controls do not establish revision4 acceptance; audit against written contract.
SET-11-I03,SET-11,privacy,None: local UI/navigation; destination resource read only,pending-control-verification,,,Existing controls do not establish revision4 acceptance; audit against written contract.
SET-11-I04,SET-11,help,None: local UI/navigation; destination resource read only,pending-control-verification,,,Existing controls do not establish revision4 acceptance; audit against written contract.
HELP-01-I01,HELP-01,help-search,None: local UI/navigation; destination resource read only,pending-control-verification,,,Existing controls do not establish revision4 acceptance; audit against written contract.
HELP-01-I02,HELP-01,help-article,None: local UI/navigation; destination resource read only,pending-control-verification,,,Existing controls do not establish revision4 acceptance; audit against written contract.
HELP-01-I03,HELP-01,export-diagnostics,POST /v1/diagnostics/exports,pending-control-verification,,,Existing controls do not establish revision4 acceptance; audit against written contract.
HELP-01-I04,HELP-01,back,None: local UI/navigation; destination resource read only,pending-control-verification,,,Existing controls do not establish revision4 acceptance; audit against written contract.
SYS-01-I01,SYS-01,sign-in,None: local UI/navigation; destination resource read only,pending-control-verification,,,Existing controls do not establish revision4 acceptance; audit against written contract.
SYS-01-I02,SYS-01,switch-workspace,None: local UI/navigation; destination resource read only,pending-control-verification,,,Existing controls do not establish revision4 acceptance; audit against written contract.
SYS-01-I03,SYS-01,export-local-draft,None: local UI/navigation; destination resource read only,pending-control-verification,,,Existing controls do not establish revision4 acceptance; audit against written contract.
SYS-02-I01,SYS-02,back,None: local UI/navigation; destination resource read only,pending-control-verification,,,Existing controls do not establish revision4 acceptance; audit against written contract.
SYS-02-I02,SYS-02,home,None: local UI/navigation; destination resource read only,pending-control-verification,,,Existing controls do not establish revision4 acceptance; audit against written contract.
GEN-02-I01,GEN-02,view-job,None: local UI/navigation; destination resource read only,pending-control-verification,,,Existing controls do not establish revision4 acceptance; audit against written contract.
GEN-02-I02,GEN-02,retry-unit,POST /v1/jobs/{jobId}/retry,pending-control-verification,,,Existing controls do not establish revision4 acceptance; audit against written contract.
GEN-02-I03,GEN-02,cancel-generation,POST /v1/jobs/{jobId}/cancel,pending-control-verification,,,Existing controls do not establish revision4 acceptance; audit against written contract.
GEN-02-I04,GEN-02,open-editor,None: local UI/navigation; destination resource read only,pending-control-verification,,,Existing controls do not establish revision4 acceptance; audit against written contract.
GEN-02-I05,GEN-02,library,None: local UI/navigation; destination resource read only,pending-control-verification,,,Existing controls do not establish revision4 acceptance; audit against written contract.
REEL-05-I10,REEL-05,generate-voiceover,POST /v1/outputs/{outputId}/voiceover,pending-control-verification,,,Existing controls do not establish revision4 acceptance; audit against written contract.
REEL-06-I07,REEL-06,generate-subtitles,POST /v1/outputs/{outputId}/subtitles,pending-control-verification,,,Existing controls do not establish revision4 acceptance; audit against written contract.
PUB-02-I06,PUB-02,resume-publication,POST /v1/publications/{publicationId}/resume,pending-control-verification,,,Existing controls do not establish revision4 acceptance; audit against written contract.
SET-11-I05,SET-11,cancel-deletion,DELETE /v1/account/deletion,pending-control-verification,,,Existing controls do not establish revision4 acceptance; audit against written contract.
IMPORT-01-I09,IMPORT-01,submission-mode,None: local radio,pending-control-verification,,,Existing controls do not establish revision4 acceptance; audit against written contract.
IMPORT-01-I10,IMPORT-01,extract-url,POST /v1/ideas,pending-control-verification,,,Existing controls do not establish revision4 acceptance; audit against written contract.
IMPORT-01-I11,IMPORT-01,confirm-excerpt,POST /v1/ideas/{ideaId}/confirm,pending-control-verification,,,Existing controls do not establish revision4 acceptance; audit against written contract.
IMPORT-01-I12,IMPORT-01,cancel-extraction,POST /v1/jobs/{jobId}/cancel,pending-control-verification,,,Existing controls do not establish revision4 acceptance; audit against written contract.
CREATE-02-AI11,CREATE-02,inspect-creative-plan,GET /v1/outputs/{outputId}/creative-plan,pending-control-verification,,,Existing controls do not establish revision4 acceptance; audit against written contract.
CAR-01-AI13,CAR-01,different-look,POST /v1/outputs/{outputId}/different-look,pending-control-verification,,,Existing controls do not establish revision4 acceptance; audit against written contract.
CAR-01-AI14,CAR-01,view-comparison,GET /v1/outputs/{outputId}/creative-plan,pending-control-verification,,,Existing controls do not establish revision4 acceptance; audit against written contract.
REEL-01-AI17,REEL-01,different-look,POST /v1/outputs/{outputId}/different-look,pending-control-verification,,,Existing controls do not establish revision4 acceptance; audit against written contract.
REEL-01-AI18,REEL-01,view-comparison,GET /v1/outputs/{outputId}/creative-plan,pending-control-verification,,,Existing controls do not establish revision4 acceptance; audit against written contract.
CAR-03-AI3,CAR-03,inspect-creative-plan,GET /v1/outputs/{outputId}/creative-plan,pending-control-verification,,,Existing controls do not establish revision4 acceptance; audit against written contract.
GEN-01-EX7,GEN-01,different-look,POST /v1/outputs/{outputId}/different-look,pending-control-verification,,,Existing controls do not establish revision4 acceptance; audit against written contract.
GEN-01-EX8,GEN-01,view-comparison,GET /v1/outputs/{outputId}/creative-plan,pending-control-verification,,,Existing controls do not establish revision4 acceptance; audit against written contract.
GEN-02-EX6,GEN-02,different-look,POST /v1/outputs/{outputId}/different-look,pending-control-verification,,,Existing controls do not establish revision4 acceptance; audit against written contract.
GEN-02-EX7,GEN-02,view-comparison,GET /v1/outputs/{outputId}/creative-plan,pending-control-verification,,,Existing controls do not establish revision4 acceptance; audit against written contract.
CREATE-01-EX6,CREATE-01,optional-preferences,None: navigation,pending-control-verification,,,Existing controls do not establish revision4 acceptance; audit against written contract.
CREATE-01-EX7,CREATE-01,choose-topic,GET /v1/topics?q=&cursor=,pending-control-verification,,,Existing controls do not establish revision4 acceptance; audit against written contract.
CREATE-01-EX8,CREATE-01,custom-topic,None: navigation,pending-control-verification,,,Existing controls do not establish revision4 acceptance; audit against written contract.
REVIEW-02-EX9,REVIEW-02,acknowledge-style-warning,POST /v1/outputs/{outputId}/diversity/acknowledge,pending-control-verification,,,Existing controls do not establish revision4 acceptance; audit against written contract.
DISC-01-R24-research-history,DISC-01,research-history,None: navigation,pending-control-verification,,,Existing controls do not establish revision4 acceptance; audit against written contract.
DISC-01-R24-ranking-explanation,DISC-01,ranking-explanation,GET /v1/findings/{findingId},pending-control-verification,,,Existing controls do not establish revision4 acceptance; audit against written contract.
DISC-01-R24-show-all-findings,DISC-01,show-all-findings,GET /v1/research/runs/{runId}/findings,pending-control-verification,,,Existing controls do not establish revision4 acceptance; audit against written contract.
DISC-01-R24-duplicate-group,DISC-01,duplicate-group,GET /v1/research/runs/{runId}/findings?duplicateGroupId=,pending-control-verification,,,Existing controls do not establish revision4 acceptance; audit against written contract.
DISC-02-R24-run-open,DISC-02,run-open,GET /v1/research/runs/{runId}/findings,pending-control-verification,,,Existing controls do not establish revision4 acceptance; audit against written contract.
DISC-02-R24-coverage-details,DISC-02,coverage-details,GET /v1/research/runs/{runId},pending-control-verification,,,Existing controls do not establish revision4 acceptance; audit against written contract.
DISC-02-R24-retry-sources,DISC-02,retry-sources,POST /v1/research/runs/{runId}/retry-sources,pending-control-verification,,,Existing controls do not establish revision4 acceptance; audit against written contract.
DISC-02-R24-history-filters,DISC-02,history-filters,GET /v1/research/runs?status=&from=&to=&cursor=,pending-control-verification,,,Existing controls do not establish revision4 acceptance; audit against written contract.
DISC-02-R24-load-more,DISC-02,load-more,GET /v1/research/runs?cursor=,pending-control-verification,,,Existing controls do not establish revision4 acceptance; audit against written contract.
DISC-02-R24-back,DISC-02,back,None: navigation,pending-control-verification,,,Existing controls do not establish revision4 acceptance; audit against written contract.
