Workflow,Screen,Platform,State,Design artifact,Specification
F,CAR-01,desktop,polished-reference,visuals/polished/CAR-01-desktop-polished.png,screens/CAR-01.md
F,CAR-01,ios,polished-reference,visuals/polished/CAR-01-ios-polished.png,screens/CAR-01.md
D,CREATE-01,desktop,polished-reference,visuals/polished/CREATE-01-desktop-polished.png,screens/CREATE-01.md
D,CREATE-01,ios,polished-reference,visuals/polished/CREATE-01-ios-polished.png,screens/CREATE-01.md
A,DISC-01,desktop,polished-reference,visuals/polished/DISC-01-desktop-polished.png,screens/DISC-01.md
A,DISC-01,ios,polished-reference,visuals/polished/DISC-01-ios-polished.png,screens/DISC-01.md
G,GEN-02,desktop,polished-reference,visuals/polished/GEN-02-desktop-polished.png,screens/GEN-02.md
G,GEN-02,ios,polished-reference,visuals/polished/GEN-02-ios-polished.png,screens/GEN-02.md
A,HOME-01,desktop,polished-reference,visuals/polished/HOME-01-desktop-polished.png,screens/HOME-01.md
A,HOME-01,ios,polished-reference,visuals/polished/HOME-01-ios-polished.png,screens/HOME-01.md
K,LIB-01,desktop,polished-reference,visuals/polished/LIB-01-desktop-polished.png,screens/LIB-01.md
K,LIB-01,ios,polished-reference,visuals/polished/LIB-01-ios-polished.png,screens/LIB-01.md
J,PUB-01,desktop,polished-reference,visuals/polished/PUB-01-desktop-polished.png,screens/PUB-01.md
J,PUB-01,ios,polished-reference,visuals/polished/PUB-01-ios-polished.png,screens/PUB-01.md
H,REEL-01,desktop,polished-reference,visuals/polished/REEL-01-desktop-polished.png,screens/REEL-01.md
H,REEL-01,ios,polished-reference,visuals/polished/REEL-01-ios-polished.png,screens/REEL-01.md
I,REVIEW-02,desktop,polished-reference,visuals/polished/REVIEW-02-desktop-polished.png,screens/REVIEW-02.md
I,REVIEW-02,ios,polished-reference,visuals/polished/REVIEW-02-ios-polished.png,screens/REVIEW-02.md
AUTH,AUTH-01,desktop,default,visuals/desktop/AUTH-01-default.svg,screens/AUTH-01.md
AUTH,AUTH-01,ios,default,visuals/ios/AUTH-01-default.svg,screens/AUTH-01.md
AUTH,AUTH-02,desktop,default,visuals/desktop/AUTH-02-default.svg,screens/AUTH-02.md
AUTH,AUTH-02,ios,default,visuals/ios/AUTH-02-default.svg,screens/AUTH-02.md
AUTH,ONB-01,desktop,default,visuals/desktop/ONB-01-default.svg,screens/ONB-01.md
AUTH,ONB-01,ios,default,visuals/ios/ONB-01-default.svg,screens/ONB-01.md
A,HOME-01,desktop,default,visuals/desktop/HOME-01-default.svg,screens/HOME-01.md
A,HOME-01,ios,default,visuals/ios/HOME-01-default.svg,screens/HOME-01.md
A,DISC-01,desktop,default,visuals/desktop/DISC-01-default.svg,screens/DISC-01.md
A,DISC-01,ios,default,visuals/ios/DISC-01-default.svg,screens/DISC-01.md
B,QUEUE-01,desktop,default,visuals/desktop/QUEUE-01-default.svg,screens/QUEUE-01.md
B,QUEUE-01,ios,default,visuals/ios/QUEUE-01-default.svg,screens/QUEUE-01.md
C,TOPIC-01,desktop,default,visuals/desktop/TOPIC-01-default.svg,screens/TOPIC-01.md
C,TOPIC-01,ios,default,visuals/ios/TOPIC-01-default.svg,screens/TOPIC-01.md
C,SOURCE-01,desktop,default,visuals/desktop/SOURCE-01-default.svg,screens/SOURCE-01.md
C,SOURCE-01,ios,default,visuals/ios/SOURCE-01-default.svg,screens/SOURCE-01.md
C,CLAIM-01,desktop,default,visuals/desktop/CLAIM-01-default.svg,screens/CLAIM-01.md
C,CLAIM-01,ios,default,visuals/ios/CLAIM-01-default.svg,screens/CLAIM-01.md
A,IMPORT-01,desktop,default,visuals/desktop/IMPORT-01-default.svg,screens/IMPORT-01.md
A,IMPORT-01,ios,default,visuals/ios/IMPORT-01-default.svg,screens/IMPORT-01.md
D,CREATE-01,desktop,default,visuals/desktop/CREATE-01-default.svg,screens/CREATE-01.md
D,CREATE-01,ios,default,visuals/ios/CREATE-01-default.svg,screens/CREATE-01.md
D,CREATE-02,desktop,default,visuals/desktop/CREATE-02-default.svg,screens/CREATE-02.md
D,CREATE-02,ios,default,visuals/ios/CREATE-02-default.svg,screens/CREATE-02.md
D,CREATE-03,desktop,default,visuals/desktop/CREATE-03-default.svg,screens/CREATE-03.md
D,CREATE-03,ios,default,visuals/ios/CREATE-03-default.svg,screens/CREATE-03.md
E,GEN-01,desktop,default,visuals/desktop/GEN-01-default.svg,screens/GEN-01.md
E,GEN-01,ios,default,visuals/ios/GEN-01-default.svg,screens/GEN-01.md
F,CAR-01,desktop,default,visuals/desktop/CAR-01-default.svg,screens/CAR-01.md
F,CAR-01,ios,default,visuals/ios/CAR-01-default.svg,screens/CAR-01.md
F,CAR-02,desktop,default,visuals/desktop/CAR-02-default.svg,screens/CAR-02.md
F,CAR-02,ios,default,visuals/ios/CAR-02-default.svg,screens/CAR-02.md
F,CAR-03,desktop,default,visuals/desktop/CAR-03-default.svg,screens/CAR-03.md
F,CAR-03,ios,default,visuals/ios/CAR-03-default.svg,screens/CAR-03.md
O,VER-01,desktop,default,visuals/desktop/VER-01-default.svg,screens/VER-01.md
O,VER-01,ios,default,visuals/ios/VER-01-default.svg,screens/VER-01.md
H,REEL-01,desktop,default,visuals/desktop/REEL-01-default.svg,screens/REEL-01.md
H,REEL-01,ios,default,visuals/ios/REEL-01-default.svg,screens/REEL-01.md
H,REEL-02,desktop,default,visuals/desktop/REEL-02-default.svg,screens/REEL-02.md
H,REEL-02,ios,default,visuals/ios/REEL-02-default.svg,screens/REEL-02.md
H,REEL-03,desktop,default,visuals/desktop/REEL-03-default.svg,screens/REEL-03.md
H,REEL-03,ios,default,visuals/ios/REEL-03-default.svg,screens/REEL-03.md
H,REEL-04,desktop,default,visuals/desktop/REEL-04-default.svg,screens/REEL-04.md
H,REEL-04,ios,default,visuals/ios/REEL-04-default.svg,screens/REEL-04.md
H,REEL-05,desktop,default,visuals/desktop/REEL-05-default.svg,screens/REEL-05.md
H,REEL-05,ios,default,visuals/ios/REEL-05-default.svg,screens/REEL-05.md
H,REEL-06,desktop,default,visuals/desktop/REEL-06-default.svg,screens/REEL-06.md
H,REEL-06,ios,default,visuals/ios/REEL-06-default.svg,screens/REEL-06.md
F,CAP-01,desktop,default,visuals/desktop/CAP-01-default.svg,screens/CAP-01.md
F,CAP-01,ios,default,visuals/ios/CAP-01-default.svg,screens/CAP-01.md
I,PRE-01,desktop,default,visuals/desktop/PRE-01-default.svg,screens/PRE-01.md
I,PRE-01,ios,default,visuals/ios/PRE-01-default.svg,screens/PRE-01.md
I,PRE-02,desktop,default,visuals/desktop/PRE-02-default.svg,screens/PRE-02.md
I,PRE-02,ios,default,visuals/ios/PRE-02-default.svg,screens/PRE-02.md
I,REVIEW-01,desktop,default,visuals/desktop/REVIEW-01-default.svg,screens/REVIEW-01.md
I,REVIEW-01,ios,default,visuals/ios/REVIEW-01-default.svg,screens/REVIEW-01.md
I,REVIEW-02,desktop,default,visuals/desktop/REVIEW-02-default.svg,screens/REVIEW-02.md
I,REVIEW-02,ios,default,visuals/ios/REVIEW-02-default.svg,screens/REVIEW-02.md
I,REVIEW-03,desktop,default,visuals/desktop/REVIEW-03-default.svg,screens/REVIEW-03.md
I,REVIEW-03,ios,default,visuals/ios/REVIEW-03-default.svg,screens/REVIEW-03.md
J,PUB-01,desktop,default,visuals/desktop/PUB-01-default.svg,screens/PUB-01.md
J,PUB-01,ios,default,visuals/ios/PUB-01-default.svg,screens/PUB-01.md
J,PUB-02,desktop,default,visuals/desktop/PUB-02-default.svg,screens/PUB-02.md
J,PUB-02,ios,default,visuals/ios/PUB-02-default.svg,screens/PUB-02.md
J,PUB-03,desktop,default,visuals/desktop/PUB-03-default.svg,screens/PUB-03.md
J,PUB-03,ios,default,visuals/ios/PUB-03-default.svg,screens/PUB-03.md
J,CAL-01,desktop,default,visuals/desktop/CAL-01-default.svg,screens/CAL-01.md
J,CAL-01,ios,default,visuals/ios/CAL-01-default.svg,screens/CAL-01.md
K,LIB-01,desktop,default,visuals/desktop/LIB-01-default.svg,screens/LIB-01.md
K,LIB-01,ios,default,visuals/ios/LIB-01-default.svg,screens/LIB-01.md
K,LIB-02,desktop,default,visuals/desktop/LIB-02-default.svg,screens/LIB-02.md
K,LIB-02,ios,default,visuals/ios/LIB-02-default.svg,screens/LIB-02.md
K,TRASH-01,desktop,default,visuals/desktop/TRASH-01-default.svg,screens/TRASH-01.md
K,TRASH-01,ios,default,visuals/ios/TRASH-01-default.svg,screens/TRASH-01.md
L,ACT-01,desktop,default,visuals/desktop/ACT-01-default.svg,screens/ACT-01.md
L,ACT-01,ios,default,visuals/ios/ACT-01-default.svg,screens/ACT-01.md
L,ACT-02,desktop,default,visuals/desktop/ACT-02-default.svg,screens/ACT-02.md
L,ACT-02,ios,default,visuals/ios/ACT-02-default.svg,screens/ACT-02.md
L,NOT-01,desktop,default,visuals/desktop/NOT-01-default.svg,screens/NOT-01.md
L,NOT-01,ios,default,visuals/ios/NOT-01-default.svg,screens/NOT-01.md
M,ANA-01,desktop,default,visuals/desktop/ANA-01-default.svg,screens/ANA-01.md
M,ANA-01,ios,default,visuals/ios/ANA-01-default.svg,screens/ANA-01.md
M,ANA-02,desktop,default,visuals/desktop/ANA-02-default.svg,screens/ANA-02.md
M,ANA-02,ios,default,visuals/ios/ANA-02-default.svg,screens/ANA-02.md
M,ANA-03,desktop,default,visuals/desktop/ANA-03-default.svg,screens/ANA-03.md
M,ANA-03,ios,default,visuals/ios/ANA-03-default.svg,screens/ANA-03.md
N,SET-01,desktop,default,visuals/desktop/SET-01-default.svg,screens/SET-01.md
N,SET-01,ios,default,visuals/ios/SET-01-default.svg,screens/SET-01.md
N,SET-02,desktop,default,visuals/desktop/SET-02-default.svg,screens/SET-02.md
N,SET-02,ios,default,visuals/ios/SET-02-default.svg,screens/SET-02.md
B,SET-03,desktop,default,visuals/desktop/SET-03-default.svg,screens/SET-03.md
B,SET-03,ios,default,visuals/ios/SET-03-default.svg,screens/SET-03.md
N,SET-04,desktop,default,visuals/desktop/SET-04-default.svg,screens/SET-04.md
N,SET-04,ios,default,visuals/ios/SET-04-default.svg,screens/SET-04.md
N,SET-05,desktop,default,visuals/desktop/SET-05-default.svg,screens/SET-05.md
N,SET-05,ios,default,visuals/ios/SET-05-default.svg,screens/SET-05.md
N,SET-06,desktop,default,visuals/desktop/SET-06-default.svg,screens/SET-06.md
N,SET-06,ios,default,visuals/ios/SET-06-default.svg,screens/SET-06.md
N,SET-07,desktop,default,visuals/desktop/SET-07-default.svg,screens/SET-07.md
N,SET-07,ios,default,visuals/ios/SET-07-default.svg,screens/SET-07.md
N,SET-08,desktop,default,visuals/desktop/SET-08-default.svg,screens/SET-08.md
N,SET-08,ios,default,visuals/ios/SET-08-default.svg,screens/SET-08.md
N,SET-09,desktop,default,visuals/desktop/SET-09-default.svg,screens/SET-09.md
N,SET-09,ios,default,visuals/ios/SET-09-default.svg,screens/SET-09.md
N,SET-10,desktop,default,visuals/desktop/SET-10-default.svg,screens/SET-10.md
N,SET-10,ios,default,visuals/ios/SET-10-default.svg,screens/SET-10.md
N,SET-11,desktop,default,visuals/desktop/SET-11-default.svg,screens/SET-11.md
N,SET-11,ios,default,visuals/ios/SET-11-default.svg,screens/SET-11.md
N,HELP-01,desktop,default,visuals/desktop/HELP-01-default.svg,screens/HELP-01.md
N,HELP-01,ios,default,visuals/ios/HELP-01-default.svg,screens/HELP-01.md
O,SYS-01,desktop,default,visuals/desktop/SYS-01-default.svg,screens/SYS-01.md
O,SYS-01,ios,default,visuals/ios/SYS-01-default.svg,screens/SYS-01.md
O,SYS-02,desktop,default,visuals/desktop/SYS-02-default.svg,screens/SYS-02.md
O,SYS-02,ios,default,visuals/ios/SYS-02-default.svg,screens/SYS-02.md
G,GEN-02,desktop,default,visuals/desktop/GEN-02-default.svg,screens/GEN-02.md
G,GEN-02,ios,default,visuals/ios/GEN-02-default.svg,screens/GEN-02.md
B,DISC-02,desktop,default,visuals/desktop/DISC-02-default.svg,screens/DISC-02.md
B,DISC-02,ios,default,visuals/ios/DISC-02-default.svg,screens/DISC-02.md
A,DISC-01,desktop,empty,visuals/desktop/DISC-01-empty.svg,screens/DISC-01.md
A,DISC-01,ios,empty,visuals/ios/DISC-01-empty.svg,screens/DISC-01.md
A,DISC-01,desktop,loading,visuals/desktop/DISC-01-loading.svg,screens/DISC-01.md
A,DISC-01,ios,loading,visuals/ios/DISC-01-loading.svg,screens/DISC-01.md
A,DISC-01,desktop,offline,visuals/desktop/DISC-01-offline.svg,screens/DISC-01.md
A,DISC-01,ios,offline,visuals/ios/DISC-01-offline.svg,screens/DISC-01.md
C,SOURCE-01,desktop,source-failed,visuals/desktop/SOURCE-01-source-failed.svg,screens/SOURCE-01.md
C,SOURCE-01,ios,source-failed,visuals/ios/SOURCE-01-source-failed.svg,screens/SOURCE-01.md
E,GEN-01,desktop,partial,visuals/desktop/GEN-01-partial.svg,screens/GEN-01.md
E,GEN-01,ios,partial,visuals/ios/GEN-01-partial.svg,screens/GEN-01.md
E,GEN-01,desktop,creative-planning,visuals/desktop/GEN-01-creative-planning.svg,screens/GEN-01.md
E,GEN-01,ios,creative-planning,visuals/ios/GEN-01-creative-planning.svg,screens/GEN-01.md
E,GEN-01,desktop,similarity-blocked,visuals/desktop/GEN-01-similarity-blocked.svg,screens/GEN-01.md
E,GEN-01,ios,similarity-blocked,visuals/ios/GEN-01-similarity-blocked.svg,screens/GEN-01.md
F,CAR-01,desktop,stale,visuals/desktop/CAR-01-stale.svg,screens/CAR-01.md
F,CAR-01,ios,stale,visuals/ios/CAR-01-stale.svg,screens/CAR-01.md
F,CAR-01,desktop,save-failed,visuals/desktop/CAR-01-save-failed.svg,screens/CAR-01.md
F,CAR-01,ios,save-failed,visuals/ios/CAR-01-save-failed.svg,screens/CAR-01.md
F,CAR-01,desktop,conflict,visuals/desktop/CAR-01-conflict.svg,screens/CAR-01.md
F,CAR-01,ios,conflict,visuals/ios/CAR-01-conflict.svg,screens/CAR-01.md
F,CAR-02,ios,keyboard,visuals/ios/CAR-02-keyboard.svg,screens/CAR-02.md
H,REEL-01,desktop,render-failed,visuals/desktop/REEL-01-render-failed.svg,screens/REEL-01.md
H,REEL-01,ios,render-failed,visuals/ios/REEL-01-render-failed.svg,screens/REEL-01.md
H,REEL-01,desktop,scene-reorder,visuals/desktop/REEL-01-scene-reorder.svg,screens/REEL-01.md
H,REEL-01,ios,scene-reorder,visuals/ios/REEL-01-scene-reorder.svg,screens/REEL-01.md
H,REEL-05,ios,continuation,visuals/ios/REEL-05-continuation.svg,screens/REEL-05.md
A,IMPORT-01,ios,continuation,visuals/ios/IMPORT-01-continuation.svg,screens/IMPORT-01.md
D,CREATE-02,ios,continuation,visuals/ios/CREATE-02-continuation.svg,screens/CREATE-02.md
B,SET-03,ios,continuation,visuals/ios/SET-03-continuation.svg,screens/SET-03.md
H,REEL-06,desktop,timeline,visuals/desktop/REEL-06-timeline.svg,screens/REEL-06.md
H,REEL-06,ios,timeline,visuals/ios/REEL-06-timeline.svg,screens/REEL-06.md
G,GEN-02,desktop,storyboard,visuals/desktop/GEN-02-storyboard.svg,screens/GEN-02.md
G,GEN-02,ios,storyboard,visuals/ios/GEN-02-storyboard.svg,screens/GEN-02.md
G,GEN-02,desktop,audio-failed,visuals/desktop/GEN-02-audio-failed.svg,screens/GEN-02.md
G,GEN-02,ios,audio-failed,visuals/ios/GEN-02-audio-failed.svg,screens/GEN-02.md
G,GEN-02,desktop,validation-failed,visuals/desktop/GEN-02-validation-failed.svg,screens/GEN-02.md
G,GEN-02,ios,validation-failed,visuals/ios/GEN-02-validation-failed.svg,screens/GEN-02.md
G,GEN-02,desktop,success,visuals/desktop/GEN-02-success.svg,screens/GEN-02.md
G,GEN-02,ios,success,visuals/ios/GEN-02-success.svg,screens/GEN-02.md
I,REVIEW-02,desktop,approval-changed,visuals/desktop/REVIEW-02-approval-changed.svg,screens/REVIEW-02.md
I,REVIEW-02,ios,approval-changed,visuals/ios/REVIEW-02-approval-changed.svg,screens/REVIEW-02.md
I,REVIEW-02,desktop,permission,visuals/desktop/REVIEW-02-permission.svg,screens/REVIEW-02.md
I,REVIEW-02,ios,permission,visuals/ios/REVIEW-02-permission.svg,screens/REVIEW-02.md
J,PUB-01,desktop,dst-gap,visuals/desktop/PUB-01-dst-gap.svg,screens/PUB-01.md
J,PUB-01,ios,dst-gap,visuals/ios/PUB-01-dst-gap.svg,screens/PUB-01.md
J,PUB-01,desktop,dst-overlap,visuals/desktop/PUB-01-dst-overlap.svg,screens/PUB-01.md
J,PUB-01,ios,dst-overlap,visuals/ios/PUB-01-dst-overlap.svg,screens/PUB-01.md
J,PUB-01,ios,continuation,visuals/ios/PUB-01-continuation.svg,screens/PUB-01.md
J,PUB-02,desktop,unknown,visuals/desktop/PUB-02-unknown.svg,screens/PUB-02.md
J,PUB-02,ios,unknown,visuals/ios/PUB-02-unknown.svg,screens/PUB-02.md
J,PUB-02,desktop,expired,visuals/desktop/PUB-02-expired.svg,screens/PUB-02.md
J,PUB-02,ios,expired,visuals/ios/PUB-02-expired.svg,screens/PUB-02.md
J,PUB-02,desktop,rate-limit,visuals/desktop/PUB-02-rate-limit.svg,screens/PUB-02.md
J,PUB-02,ios,rate-limit,visuals/ios/PUB-02-rate-limit.svg,screens/PUB-02.md
AUTH,ONB-01,ios,tools-continuation,visuals/ios/ONB-01-tools-continuation.svg,screens/ONB-01.md
A,HOME-01,ios,tools-continuation,visuals/ios/HOME-01-tools-continuation.svg,screens/HOME-01.md
A,DISC-01,ios,tools-continuation,visuals/ios/DISC-01-tools-continuation.svg,screens/DISC-01.md
C,TOPIC-01,ios,tools-continuation,visuals/ios/TOPIC-01-tools-continuation.svg,screens/TOPIC-01.md
C,CLAIM-01,ios,tools-continuation,visuals/ios/CLAIM-01-tools-continuation.svg,screens/CLAIM-01.md
D,CREATE-01,ios,tools-continuation,visuals/ios/CREATE-01-tools-continuation.svg,screens/CREATE-01.md
D,CREATE-03,ios,tools-continuation,visuals/ios/CREATE-03-tools-continuation.svg,screens/CREATE-03.md
E,GEN-01,ios,tools-continuation,visuals/ios/GEN-01-tools-continuation.svg,screens/GEN-01.md
G,GEN-02,ios,tools-continuation,visuals/ios/GEN-02-tools-continuation.svg,screens/GEN-02.md
H,REEL-01,ios,tools-continuation,visuals/ios/REEL-01-tools-continuation.svg,screens/REEL-01.md
H,REEL-03,ios,tools-continuation,visuals/ios/REEL-03-tools-continuation.svg,screens/REEL-03.md
H,REEL-06,ios,tools-continuation,visuals/ios/REEL-06-tools-continuation.svg,screens/REEL-06.md
F,CAP-01,ios,tools-continuation,visuals/ios/CAP-01-tools-continuation.svg,screens/CAP-01.md
J,PUB-01,ios,tools-continuation,visuals/ios/PUB-01-tools-continuation.svg,screens/PUB-01.md
K,LIB-01,ios,tools-continuation,visuals/ios/LIB-01-tools-continuation.svg,screens/LIB-01.md
K,LIB-02,ios,tools-continuation,visuals/ios/LIB-02-tools-continuation.svg,screens/LIB-02.md
L,ACT-02,ios,tools-continuation,visuals/ios/ACT-02-tools-continuation.svg,screens/ACT-02.md
N,SET-01,ios,tools-continuation,visuals/ios/SET-01-tools-continuation.svg,screens/SET-01.md
N,SET-04,ios,tools-continuation,visuals/ios/SET-04-tools-continuation.svg,screens/SET-04.md
N,SET-07,ios,tools-continuation,visuals/ios/SET-07-tools-continuation.svg,screens/SET-07.md
N,SET-08,ios,tools-continuation,visuals/ios/SET-08-tools-continuation.svg,screens/SET-08.md
N,SET-09,ios,tools-continuation,visuals/ios/SET-09-tools-continuation.svg,screens/SET-09.md
N,SET-10,ios,tools-continuation,visuals/ios/SET-10-tools-continuation.svg,screens/SET-10.md
N,SET-11,ios,tools-continuation,visuals/ios/SET-11-tools-continuation.svg,screens/SET-11.md
B,DISC-02,ios,tools-continuation,visuals/ios/DISC-02-tools-continuation.svg,screens/DISC-02.md
